[{"model": "admin.logentry", "pk": 1, "fields": {"action_time": "2022-09-13T12:50:13.509Z", "user": 1, "content_type": 4, "object_id": "2", "object_repr": "Jahnavi", "action_flag": 1, "change_message": "[{\"added\": {}}]"}}, {"model": "admin.logentry", "pk": 2, "fields": {"action_time": "2022-09-13T12:50:52.916Z", "user": 1, "content_type": 4, "object_id": "2", "object_repr": "Jahnavi", "action_flag": 2, "change_message": "[]"}}, {"model": "admin.logentry", "pk": 3, "fields": {"action_time": "2022-09-13T12:51:13.692Z", "user": 1, "content_type": 4, "object_id": "3", "object_repr": "Jatin", "action_flag": 1, "change_message": "[{\"added\": {}}]"}}, {"model": "admin.logentry", "pk": 4, "fields": {"action_time": "2022-09-13T12:51:18.570Z", "user": 1, "content_type": 4, "object_id": "3", "object_repr": "Jatin", "action_flag": 2, "change_message": "[]"}}, {"model": "admin.logentry", "pk": 5, "fields": {"action_time": "2022-09-13T12:51:50.211Z", "user": 1, "content_type": 4, "object_id": "4", "object_repr": "Anjnish", "action_flag": 1, "change_message": "[{\"added\": {}}]"}}, {"model": "admin.logentry", "pk": 6, "fields": {"action_time": "2022-09-13T12:51:54.645Z", "user": 1, "content_type": 4, "object_id": "4", "object_repr": "Anjnish", "action_flag": 2, "change_message": "[]"}}, {"model": "admin.logentry", "pk": 7, "fields": {"action_time": "2022-09-13T12:52:12.809Z", "user": 1, "content_type": 4, "object_id": "5", "object_repr": "Vipul", "action_flag": 1, "change_message": "[{\"added\": {}}]"}}, {"model": "admin.logentry", "pk": 8, "fields": {"action_time": "2022-09-13T12:52:17.506Z", "user": 1, "content_type": 4, "object_id": "5", "object_repr": "Vipul", "action_flag": 2, "change_message": "[]"}}, {"model": "admin.logentry", "pk": 9, "fields": {"action_time": "2022-09-13T12:52:41.610Z", "user": 1, "content_type": 4, "object_id": "6", "object_repr": "Pulkit", "action_flag": 1, "change_message": "[{\"added\": {}}]"}}, {"model": "admin.logentry", "pk": 10, "fields": {"action_time": "2022-09-13T12:52:45.420Z", "user": 1, "content_type": 4, "object_id": "6", "object_repr": "Pulkit", "action_flag": 2, "change_message": "[]"}}, {"model": "admin.logentry", "pk": 11, "fields": {"action_time": "2022-09-13T12:53:11.168Z", "user": 1, "content_type": 4, "object_id": "7", "object_repr": "Payal", "action_flag": 1, "change_message": "[{\"added\": {}}]"}}, {"model": "admin.logentry", "pk": 12, "fields": {"action_time": "2022-09-13T12:53:14.608Z", "user": 1, "content_type": 4, "object_id": "7", "object_repr": "Payal", "action_flag": 2, "change_message": "[]"}}, {"model": "admin.logentry", "pk": 13, "fields": {"action_time": "2022-09-13T12:53:38.327Z", "user": 1, "content_type": 4, "object_id": "8", "object_repr": "Hitendra", "action_flag": 1, "change_message": "[{\"added\": {}}]"}}, {"model": "admin.logentry", "pk": 14, "fields": {"action_time": "2022-09-13T12:53:42.634Z", "user": 1, "content_type": 4, "object_id": "8", "object_repr": "Hitendra", "action_flag": 2, "change_message": "[]"}}, {"model": "admin.logentry", "pk": 15, "fields": {"action_time": "2022-09-13T12:54:09.976Z", "user": 1, "content_type": 4, "object_id": "9", "object_repr": "Himanshu", "action_flag": 1, "change_message": "[{\"added\": {}}]"}}, {"model": "admin.logentry", "pk": 16, "fields": {"action_time": "2022-09-13T12:54:14.045Z", "user": 1, "content_type": 4, "object_id": "9", "object_repr": "Himanshu", "action_flag": 2, "change_message": "[]"}}, {"model": "admin.logentry", "pk": 17, "fields": {"action_time": "2022-09-13T12:54:49.981Z", "user": 1, "content_type": 4, "object_id": "10", "object_repr": "Bhuvesh", "action_flag": 1, "change_message": "[{\"added\": {}}]"}}, {"model": "admin.logentry", "pk": 18, "fields": {"action_time": "2022-09-13T12:54:54.264Z", "user": 1, "content_type": 4, "object_id": "10", "object_repr": "Bhuvesh", "action_flag": 2, "change_message": "[]"}}, {"model": "admin.logentry", "pk": 19, "fields": {"action_time": "2022-09-13T12:55:16.772Z", "user": 1, "content_type": 4, "object_id": "11", "object_repr": "Sakshi", "action_flag": 1, "change_message": "[{\"added\": {}}]"}}, {"model": "admin.logentry", "pk": 20, "fields": {"action_time": "2022-09-13T12:55:20.629Z", "user": 1, "content_type": 4, "object_id": "11", "object_repr": "Sakshi", "action_flag": 2, "change_message": "[]"}}, {"model": "admin.logentry", "pk": 21, "fields": {"action_time": "2022-09-13T12:55:41.480Z", "user": 1, "content_type": 4, "object_id": "12", "object_repr": "Nikita", "action_flag": 1, "change_message": "[{\"added\": {}}]"}}, {"model": "admin.logentry", "pk": 22, "fields": {"action_time": "2022-09-13T12:55:45.762Z", "user": 1, "content_type": 4, "object_id": "12", "object_repr": "Nikita", "action_flag": 2, "change_message": "[]"}}, {"model": "admin.logentry", "pk": 23, "fields": {"action_time": "2022-09-13T12:56:53.253Z", "user": 1, "content_type": 10, "object_id": "1", "object_repr": "Python : Himanshu", "action_flag": 1, "change_message": "[{\"added\": {}}]"}}, {"model": "admin.logentry", "pk": 24, "fields": {"action_time": "2022-09-13T12:57:04.564Z", "user": 1, "content_type": 10, "object_id": "2", "object_repr": "Java : Nikita", "action_flag": 1, "change_message": "[{\"added\": {}}]"}}, {"model": "admin.logentry", "pk": 25, "fields": {"action_time": "2022-09-13T12:57:21.563Z", "user": 1, "content_type": 10, "object_id": "3", "object_repr": "Drupal : Himanshu", "action_flag": 1, "change_message": "[{\"added\": {}}]"}}, {"model": "admin.logentry", "pk": 26, "fields": {"action_time": "2022-09-13T12:57:59.883Z", "user": 1, "content_type": 11, "object_id": "1", "object_repr": "Anjnish Python : Himanshu 1", "action_flag": 1, "change_message": "[{\"added\": {}}]"}}, {"model": "admin.logentry", "pk": 27, "fields": {"action_time": "2022-09-13T12:58:29.159Z", "user": 1, "content_type": 11, "object_id": "2", "object_repr": "Bhuvesh Drupal : Himanshu 1", "action_flag": 1, "change_message": "[{\"added\": {}}]"}}, {"model": "admin.logentry", "pk": 28, "fields": {"action_time": "2022-09-13T12:58:48.943Z", "user": 1, "content_type": 11, "object_id": "3", "object_repr": "Himanshu Drupal : Himanshu 2", "action_flag": 1, "change_message": "[{\"added\": {}}]"}}, {"model": "admin.logentry", "pk": 29, "fields": {"action_time": "2022-09-13T12:59:36.190Z", "user": 1, "content_type": 11, "object_id": "4", "object_repr": "Hitendra Java : Nikita 1", "action_flag": 1, "change_message": "[{\"added\": {}}]"}}, {"model": "admin.logentry", "pk": 30, "fields": {"action_time": "2022-09-13T13:15:23.966Z", "user": 1, "content_type": 11, "object_id": "5", "object_repr": "Jahnavi Python : Himanshu 1", "action_flag": 1, "change_message": "[{\"added\": {}}]"}}, {"model": "admin.logentry", "pk": 31, "fields": {"action_time": "2022-09-13T13:15:40.049Z", "user": 1, "content_type": 11, "object_id": "6", "object_repr": "Jatin Python : Himanshu 1", "action_flag": 1, "change_message": "[{\"added\": {}}]"}}, {"model": "admin.logentry", "pk": 32, "fields": {"action_time": "2022-09-13T13:15:56.200Z", "user": 1, "content_type": 11, "object_id": "7", "object_repr": "Nikita Java : Nikita 2", "action_flag": 1, "change_message": "[{\"added\": {}}]"}}, {"model": "admin.logentry", "pk": 33, "fields": {"action_time": "2022-09-13T13:16:29.657Z", "user": 1, "content_type": 11, "object_id": "8", "object_repr": "Payal Java : Nikita 1", "action_flag": 1, "change_message": "[{\"added\": {}}]"}}, {"model": "admin.logentry", "pk": 34, "fields": {"action_time": "2022-09-13T13:17:07.593Z", "user": 1, "content_type": 11, "object_id": "9", "object_repr": "Pulkit Python : Himanshu 1", "action_flag": 1, "change_message": "[{\"added\": {}}]"}}, {"model": "admin.logentry", "pk": 35, "fields": {"action_time": "2022-09-13T13:19:24.820Z", "user": 1, "content_type": 11, "object_id": "10", "object_repr": "Sakshi Drupal : Himanshu 1", "action_flag": 1, "change_message": "[{\"added\": {}}]"}}, {"model": "admin.logentry", "pk": 36, "fields": {"action_time": "2022-09-13T13:19:39.525Z", "user": 1, "content_type": 11, "object_id": "11", "object_repr": "Vipul Python : Himanshu 1", "action_flag": 1, "change_message": "[{\"added\": {}}]"}}, {"model": "admin.logentry", "pk": 37, "fields": {"action_time": "2022-09-13T13:21:05.710Z", "user": 1, "content_type": 10, "object_id": "4", "object_repr": "MEAN : admin", "action_flag": 1, "change_message": "[{\"added\": {}}]"}}, {"model": "admin.logentry", "pk": 38, "fields": {"action_time": "2022-09-13T13:21:30.965Z", "user": 1, "content_type": 11, "object_id": "12", "object_repr": "admin MEAN : admin 3", "action_flag": 1, "change_message": "[{\"added\": {}}]"}}, {"model": "admin.logentry", "pk": 39, "fields": {"action_time": "2022-09-13T13:32:24.397Z", "user": 1, "content_type": 7, "object_id": "1", "object_repr": "Dime Active Python : Himanshu", "action_flag": 1, "change_message": "[{\"added\": {}}]"}}, {"model": "admin.logentry", "pk": 40, "fields": {"action_time": "2022-09-13T14:05:24.287Z", "user": 1, "content_type": 7, "object_id": "2", "object_repr": "katamundi On_hold Python : Himanshu", "action_flag": 1, "change_message": "[{\"added\": {}}]"}}, {"model": "admin.logentry", "pk": 41, "fields": {"action_time": "2022-09-13T14:05:54.538Z", "user": 1, "content_type": 7, "object_id": "3", "object_repr": "Basepin On_hold Java : Nikita", "action_flag": 1, "change_message": "[{\"added\": {}}]"}}, {"model": "admin.logentry", "pk": 42, "fields": {"action_time": "2022-09-13T14:06:44.616Z", "user": 1, "content_type": 7, "object_id": "4", "object_repr": "Bestrox Completed Python : Himanshu", "action_flag": 1, "change_message": "[{\"added\": {}}]"}}, {"model": "admin.logentry", "pk": 43, "fields": {"action_time": "2022-09-13T14:07:25.414Z", "user": 1, "content_type": 7, "object_id": "5", "object_repr": "Apporto Completed Drupal : Himanshu", "action_flag": 1, "change_message": "[{\"added\": {}}]"}}, {"model": "admin.logentry", "pk": 44, "fields": {"action_time": "2022-09-13T14:07:45.505Z", "user": 1, "content_type": 8, "object_id": "1", "object_repr": "Anjnish katamundi On_hold Python : Himanshu", "action_flag": 1, "change_message": "[{\"added\": {}}]"}}, {"model": "admin.logentry", "pk": 45, "fields": {"action_time": "2022-09-13T14:07:57.229Z", "user": 1, "content_type": 8, "object_id": "2", "object_repr": "Jatin Dime Active Python : Himanshu", "action_flag": 1, "change_message": "[{\"added\": {}}]"}}, {"model": "admin.logentry", "pk": 46, "fields": {"action_time": "2022-09-13T14:08:10.132Z", "user": 1, "content_type": 8, "object_id": "3", "object_repr": "Payal Basepin On_hold Java : Nikita", "action_flag": 1, "change_message": "[{\"added\": {}}]"}}, {"model": "admin.logentry", "pk": 47, "fields": {"action_time": "2022-09-13T14:08:22.175Z", "user": 1, "content_type": 8, "object_id": "4", "object_repr": "Vipul Bestrox Completed Python : Himanshu", "action_flag": 1, "change_message": "[{\"added\": {}}]"}}, {"model": "admin.logentry", "pk": 48, "fields": {"action_time": "2022-09-13T14:08:42.259Z", "user": 1, "content_type": 8, "object_id": "5", "object_repr": "Himanshu Apporto Completed Drupal : Himanshu", "action_flag": 1, "change_message": "[{\"added\": {}}]"}}, {"model": "admin.logentry", "pk": 49, "fields": {"action_time": "2022-09-13T14:10:34.377Z", "user": 1, "content_type": 9, "object_id": "1", "object_repr": "Jatin Dime Active Python : Himanshu 2022-09-13 14:08:50+00:00 6.3", "action_flag": 1, "change_message": "[{\"added\": {}}]"}}, {"model": "admin.logentry", "pk": 50, "fields": {"action_time": "2022-09-13T14:17:41.430Z", "user": 1, "content_type": 9, "object_id": "1", "object_repr": "Jatin Dime Active Python : Himanshu 2022-09-13 14:08:50+00:00 0:00:06.300000", "action_flag": 2, "change_message": "[{\"changed\": {\"fields\": [\"Daily hours\"]}}]"}}, {"model": "admin.logentry", "pk": 51, "fields": {"action_time": "2022-09-13T14:22:17.407Z", "user": 1, "content_type": 9, "object_id": "2", "object_repr": "Anjnish katamundi On_hold Python : Himanshu 2022-09-13 14:21:39+00:00 1:20:00", "action_flag": 1, "change_message": "[{\"added\": {}}]"}}, {"model": "admin.logentry", "pk": 52, "fields": {"action_time": "2022-09-13T14:23:55.636Z", "user": 1, "content_type": 9, "object_id": "1", "object_repr": "Jatin Dime Active Python : Himanshu 2022-09-13 14:08:50+00:00 0:02:30", "action_flag": 2, "change_message": "[{\"changed\": {\"fields\": [\"Daily hours\"]}}]"}}, {"model": "admin.logentry", "pk": 53, "fields": {"action_time": "2022-09-13T14:42:50.692Z", "user": 1, "content_type": 9, "object_id": "3", "object_repr": "Jatin Dime Active Python : Himanshu 2022-09-13 14:42:32+00:00 6.30", "action_flag": 1, "change_message": "[{\"added\": {}}]"}}, {"model": "admin.logentry", "pk": 54, "fields": {"action_time": "2022-09-14T07:33:48.266Z", "user": 1, "content_type": 8, "object_id": "6", "object_repr": "Bhuvesh Apporto Completed Drupal : Himanshu", "action_flag": 1, "change_message": "[{\"added\": {}}]"}}, {"model": "admin.logentry", "pk": 55, "fields": {"action_time": "2022-09-14T07:34:33.093Z", "user": 1, "content_type": 8, "object_id": "7", "object_repr": "Jatin Bestrox Completed Python : Himanshu", "action_flag": 1, "change_message": "[{\"added\": {}}]"}}, {"model": "admin.logentry", "pk": 56, "fields": {"action_time": "2022-09-14T07:35:47.253Z", "user": 1, "content_type": 9, "object_id": "4", "object_repr": "Bhuvesh Apporto Completed Drupal : Himanshu 2022-07-04 07:35:15+00:00 7.00", "action_flag": 1, "change_message": "[{\"added\": {}}]"}}, {"model": "admin.logentry", "pk": 57, "fields": {"action_time": "2022-09-14T07:36:12.529Z", "user": 1, "content_type": 9, "object_id": "5", "object_repr": "Himanshu Apporto Completed Drupal : Himanshu 2022-05-11 07:35:51+00:00 5.35", "action_flag": 1, "change_message": "[{\"added\": {}}]"}}, {"model": "admin.logentry", "pk": 58, "fields": {"action_time": "2022-09-14T07:37:50.043Z", "user": 1, "content_type": 9, "object_id": "6", "object_repr": "Jatin Bestrox Completed Python : Himanshu 2022-08-31 07:37:16+00:00 3.10", "action_flag": 1, "change_message": "[{\"added\": {}}]"}}, {"model": "admin.logentry", "pk": 59, "fields": {"action_time": "2022-09-19T06:49:43.393Z", "user": 1, "content_type": 7, "object_id": "6", "object_repr": "Project-A Active Java : Nikita", "action_flag": 1, "change_message": "[{\"added\": {}}]"}}, {"model": "admin.logentry", "pk": 60, "fields": {"action_time": "2022-09-19T06:50:06.968Z", "user": 1, "content_type": 7, "object_id": "7", "object_repr": "Project-B Active Java : Nikita", "action_flag": 1, "change_message": "[{\"added\": {}}]"}}, {"model": "admin.logentry", "pk": 61, "fields": {"action_time": "2022-09-19T06:50:28.138Z", "user": 1, "content_type": 7, "object_id": "8", "object_repr": "Project-C Active Java : Nikita", "action_flag": 1, "change_message": "[{\"added\": {}}]"}}, {"model": "admin.logentry", "pk": 62, "fields": {"action_time": "2022-09-19T06:51:05.084Z", "user": 1, "content_type": 7, "object_id": "9", "object_repr": "Project-D Active Drupal : Himanshu", "action_flag": 1, "change_message": "[{\"added\": {}}]"}}, {"model": "admin.logentry", "pk": 63, "fields": {"action_time": "2022-09-19T06:51:25.246Z", "user": 1, "content_type": 7, "object_id": "10", "object_repr": "Project-E Active Drupal : Himanshu", "action_flag": 1, "change_message": "[{\"added\": {}}]"}}, {"model": "admin.logentry", "pk": 64, "fields": {"action_time": "2022-09-19T06:51:51.421Z", "user": 1, "content_type": 7, "object_id": "11", "object_repr": "Project-F Active MEAN : admin", "action_flag": 1, "change_message": "[{\"added\": {}}]"}}, {"model": "admin.logentry", "pk": 65, "fields": {"action_time": "2022-09-19T06:52:14.566Z", "user": 1, "content_type": 7, "object_id": "12", "object_repr": "Project-G Active Python : Himanshu", "action_flag": 1, "change_message": "[{\"added\": {}}]"}}, {"model": "admin.logentry", "pk": 66, "fields": {"action_time": "2022-09-19T06:52:33.390Z", "user": 1, "content_type": 7, "object_id": "13", "object_repr": "Project-H Active Python : Himanshu", "action_flag": 1, "change_message": "[{\"added\": {}}]"}}, {"model": "admin.logentry", "pk": 67, "fields": {"action_time": "2022-09-19T06:52:52.666Z", "user": 1, "content_type": 7, "object_id": "14", "object_repr": "Project-I Active Python : Himanshu", "action_flag": 1, "change_message": "[{\"added\": {}}]"}}, {"model": "admin.logentry", "pk": 68, "fields": {"action_time": "2022-09-19T06:53:21.113Z", "user": 1, "content_type": 8, "object_id": "8", "object_repr": "Anjnish Project-G Active Python : Himanshu", "action_flag": 1, "change_message": "[{\"added\": {}}]"}}, {"model": "admin.logentry", "pk": 69, "fields": {"action_time": "2022-09-19T06:53:33.152Z", "user": 1, "content_type": 8, "object_id": "9", "object_repr": "Bhuvesh Project-D Active Drupal : Himanshu", "action_flag": 1, "change_message": "[{\"added\": {}}]"}}, {"model": "admin.logentry", "pk": 70, "fields": {"action_time": "2022-09-19T06:53:46.832Z", "user": 1, "content_type": 8, "object_id": "10", "object_repr": "Nikita Project-A Active Java : Nikita", "action_flag": 1, "change_message": "[{\"added\": {}}]"}}, {"model": "admin.logentry", "pk": 71, "fields": {"action_time": "2022-09-19T06:53:59.198Z", "user": 1, "content_type": 8, "object_id": "11", "object_repr": "Hitendra Project-B Active Java : Nikita", "action_flag": 1, "change_message": "[{\"added\": {}}]"}}, {"model": "admin.logentry", "pk": 72, "fields": {"action_time": "2022-09-19T06:54:10.165Z", "user": 1, "content_type": 8, "object_id": "12", "object_repr": "Payal Project-C Active Java : Nikita", "action_flag": 1, "change_message": "[{\"added\": {}}]"}}, {"model": "admin.logentry", "pk": 73, "fields": {"action_time": "2022-09-19T06:54:25.621Z", "user": 1, "content_type": 8, "object_id": "13", "object_repr": "Sakshi Project-E Active Drupal : Himanshu", "action_flag": 1, "change_message": "[{\"added\": {}}]"}}, {"model": "admin.logentry", "pk": 74, "fields": {"action_time": "2022-09-19T06:54:39.346Z", "user": 1, "content_type": 8, "object_id": "14", "object_repr": "Jahnavi Project-H Active Python : Himanshu", "action_flag": 1, "change_message": "[{\"added\": {}}]"}}, {"model": "admin.logentry", "pk": 75, "fields": {"action_time": "2022-09-19T06:54:55.128Z", "user": 1, "content_type": 8, "object_id": "15", "object_repr": "Pulkit Project-I Active Python : Himanshu", "action_flag": 1, "change_message": "[{\"added\": {}}]"}}, {"model": "admin.logentry", "pk": 76, "fields": {"action_time": "2022-09-19T06:56:18.139Z", "user": 1, "content_type": 9, "object_id": "7", "object_repr": "Pulkit Project-I Active Python : Himanshu 2022-09-12 06:56:10+00:00 4", "action_flag": 1, "change_message": "[{\"added\": {}}]"}}, {"model": "admin.logentry", "pk": 77, "fields": {"action_time": "2022-09-19T06:57:22.901Z", "user": 1, "content_type": 9, "object_id": "8", "object_repr": "Pulkit Project-I Active Python : Himanshu 2022-09-13 06:57:09+00:00 3.5", "action_flag": 1, "change_message": "[{\"added\": {}}]"}}, {"model": "admin.logentry", "pk": 78, "fields": {"action_time": "2022-09-19T06:57:58.029Z", "user": 1, "content_type": 9, "object_id": "9", "object_repr": "Pulkit Project-I Active Python : Himanshu 2022-09-14 06:57:31+00:00 5.2", "action_flag": 1, "change_message": "[{\"added\": {}}]"}}, {"model": "admin.logentry", "pk": 79, "fields": {"action_time": "2022-09-19T06:58:16.730Z", "user": 1, "content_type": 9, "object_id": "10", "object_repr": "Pulkit Project-I Active Python : Himanshu 2022-09-15 06:58:03+00:00 2", "action_flag": 1, "change_message": "[{\"added\": {}}]"}}, {"model": "admin.logentry", "pk": 80, "fields": {"action_time": "2022-09-19T06:58:31.546Z", "user": 1, "content_type": 9, "object_id": "11", "object_repr": "Pulkit Project-I Active Python : Himanshu 2022-09-16 06:58:18+00:00 6", "action_flag": 1, "change_message": "[{\"added\": {}}]"}}, {"model": "admin.logentry", "pk": 81, "fields": {"action_time": "2022-09-19T06:59:24.278Z", "user": 1, "content_type": 9, "object_id": "12", "object_repr": "Jahnavi Project-H Active Python : Himanshu 2022-09-12 06:58:44+00:00 2", "action_flag": 1, "change_message": "[{\"added\": {}}]"}}, {"model": "admin.logentry", "pk": 82, "fields": {"action_time": "2022-09-19T06:59:47.030Z", "user": 1, "content_type": 9, "object_id": "13", "object_repr": "Jahnavi Project-H Active Python : Himanshu 2022-09-13 06:59:25+00:00 4", "action_flag": 1, "change_message": "[{\"added\": {}}]"}}, {"model": "admin.logentry", "pk": 83, "fields": {"action_time": "2022-09-19T07:00:04.457Z", "user": 1, "content_type": 9, "object_id": "14", "object_repr": "Jahnavi Project-H Active Python : Himanshu 2022-09-14 06:59:53+00:00 3.3", "action_flag": 1, "change_message": "[{\"added\": {}}]"}}, {"model": "admin.logentry", "pk": 84, "fields": {"action_time": "2022-09-19T07:00:31.172Z", "user": 1, "content_type": 9, "object_id": "15", "object_repr": "Jahnavi Project-H Active Python : Himanshu 2022-09-14 07:00:12+00:00 7", "action_flag": 1, "change_message": "[{\"added\": {}}]"}}, {"model": "admin.logentry", "pk": 85, "fields": {"action_time": "2022-09-19T07:00:43.521Z", "user": 1, "content_type": 9, "object_id": "16", "object_repr": "Jahnavi Project-H Active Python : Himanshu 2022-09-15 07:00:33+00:00 8", "action_flag": 1, "change_message": "[{\"added\": {}}]"}}, {"model": "admin.logentry", "pk": 86, "fields": {"action_time": "2022-09-19T07:00:57.751Z", "user": 1, "content_type": 9, "object_id": "17", "object_repr": "Jahnavi Project-H Active Python : Himanshu 2022-09-16 07:00:45+00:00 5", "action_flag": 1, "change_message": "[{\"added\": {}}]"}}, {"model": "admin.logentry", "pk": 87, "fields": {"action_time": "2022-09-19T07:01:22.287Z", "user": 1, "content_type": 9, "object_id": "18", "object_repr": "Sakshi Project-E Active Drupal : Himanshu 2022-09-12 07:01:04+00:00 8", "action_flag": 1, "change_message": "[{\"added\": {}}]"}}, {"model": "admin.logentry", "pk": 88, "fields": {"action_time": "2022-09-19T07:01:37.603Z", "user": 1, "content_type": 9, "object_id": "19", "object_repr": "Sakshi Project-E Active Drupal : Himanshu 2022-09-13 07:01:24+00:00 5", "action_flag": 1, "change_message": "[{\"added\": {}}]"}}, {"model": "admin.logentry", "pk": 89, "fields": {"action_time": "2022-09-19T07:01:50.735Z", "user": 1, "content_type": 9, "object_id": "20", "object_repr": "Sakshi Project-E Active Drupal : Himanshu 2022-09-14 07:01:39+00:00 4", "action_flag": 1, "change_message": "[{\"added\": {}}]"}}, {"model": "admin.logentry", "pk": 90, "fields": {"action_time": "2022-09-19T07:02:06.282Z", "user": 1, "content_type": 9, "object_id": "21", "object_repr": "Sakshi Project-E Active Drupal : Himanshu 2022-09-15 07:01:53+00:00 5.2", "action_flag": 1, "change_message": "[{\"added\": {}}]"}}, {"model": "admin.logentry", "pk": 91, "fields": {"action_time": "2022-09-19T07:14:22.565Z", "user": 1, "content_type": 9, "object_id": "22", "object_repr": "Sakshi Project-E Active Drupal : Himanshu 2022-09-16 07:14:12+00:00 6", "action_flag": 1, "change_message": "[{\"added\": {}}]"}}, {"model": "admin.logentry", "pk": 92, "fields": {"action_time": "2022-09-19T07:14:36.715Z", "user": 1, "content_type": 9, "object_id": "23", "object_repr": "Payal Project-C Active Java : Nikita 2022-09-12 07:14:24+00:00 4", "action_flag": 1, "change_message": "[{\"added\": {}}]"}}, {"model": "admin.logentry", "pk": 93, "fields": {"action_time": "2022-09-19T07:14:48.494Z", "user": 1, "content_type": 9, "object_id": "24", "object_repr": "Payal Project-C Active Java : Nikita 2022-09-13 07:14:38+00:00 6.4", "action_flag": 1, "change_message": "[{\"added\": {}}]"}}, {"model": "admin.logentry", "pk": 94, "fields": {"action_time": "2022-09-19T07:15:00.809Z", "user": 1, "content_type": 9, "object_id": "25", "object_repr": "Payal Project-C Active Java : Nikita 2022-09-14 07:14:50+00:00 5", "action_flag": 1, "change_message": "[{\"added\": {}}]"}}, {"model": "admin.logentry", "pk": 95, "fields": {"action_time": "2022-09-19T07:15:14.440Z", "user": 1, "content_type": 9, "object_id": "26", "object_repr": "Payal Project-C Active Java : Nikita 2022-09-15 07:15:03+00:00 7", "action_flag": 1, "change_message": "[{\"added\": {}}]"}}, {"model": "admin.logentry", "pk": 96, "fields": {"action_time": "2022-09-19T07:15:25.461Z", "user": 1, "content_type": 9, "object_id": "27", "object_repr": "Payal Project-C Active Java : Nikita 2022-09-16 07:15:15+00:00 7", "action_flag": 1, "change_message": "[{\"added\": {}}]"}}, {"model": "admin.logentry", "pk": 97, "fields": {"action_time": "2022-09-19T07:15:38.939Z", "user": 1, "content_type": 9, "object_id": "28", "object_repr": "Hitendra Project-B Active Java : Nikita 2022-09-12 07:15:29+00:00 8", "action_flag": 1, "change_message": "[{\"added\": {}}]"}}, {"model": "admin.logentry", "pk": 98, "fields": {"action_time": "2022-09-19T07:16:23.564Z", "user": 1, "content_type": 9, "object_id": "29", "object_repr": "Hitendra Project-B Active Java : Nikita 2022-09-13 07:16:10+00:00 5.4", "action_flag": 1, "change_message": "[{\"added\": {}}]"}}, {"model": "admin.logentry", "pk": 99, "fields": {"action_time": "2022-09-19T07:16:36.520Z", "user": 1, "content_type": 9, "object_id": "30", "object_repr": "Hitendra Project-B Active Java : Nikita 2022-09-14 07:16:26+00:00 5", "action_flag": 1, "change_message": "[{\"added\": {}}]"}}, {"model": "admin.logentry", "pk": 100, "fields": {"action_time": "2022-09-19T07:16:49.253Z", "user": 1, "content_type": 9, "object_id": "31", "object_repr": "Hitendra Project-B Active Java : Nikita 2022-09-15 07:16:38+00:00 8", "action_flag": 1, "change_message": "[{\"added\": {}}]"}}, {"model": "admin.logentry", "pk": 101, "fields": {"action_time": "2022-09-19T07:17:00.292Z", "user": 1, "content_type": 9, "object_id": "32", "object_repr": "Hitendra Project-B Active Java : Nikita 2022-09-16 07:16:51+00:00 7", "action_flag": 1, "change_message": "[{\"added\": {}}]"}}, {"model": "admin.logentry", "pk": 102, "fields": {"action_time": "2022-09-19T07:18:11.134Z", "user": 1, "content_type": 9, "object_id": "33", "object_repr": "Nikita Project-A Active Java : Nikita 2022-09-13 07:17:02+00:00 5", "action_flag": 1, "change_message": "[{\"added\": {}}]"}}, {"model": "admin.logentry", "pk": 103, "fields": {"action_time": "2022-09-19T07:18:29.166Z", "user": 1, "content_type": 9, "object_id": "34", "object_repr": "Nikita Project-A Active Java : Nikita 2022-09-12 07:18:14+00:00 8", "action_flag": 1, "change_message": "[{\"added\": {}}]"}}, {"model": "admin.logentry", "pk": 104, "fields": {"action_time": "2022-09-19T07:18:40.047Z", "user": 1, "content_type": 9, "object_id": "35", "object_repr": "Nikita Project-A Active Java : Nikita 2022-09-14 07:18:30+00:00 7", "action_flag": 1, "change_message": "[{\"added\": {}}]"}}, {"model": "admin.logentry", "pk": 105, "fields": {"action_time": "2022-09-19T07:18:54.842Z", "user": 1, "content_type": 9, "object_id": "36", "object_repr": "Nikita Project-A Active Java : Nikita 2022-09-15 07:18:44+00:00 6", "action_flag": 1, "change_message": "[{\"added\": {}}]"}}, {"model": "admin.logentry", "pk": 106, "fields": {"action_time": "2022-09-19T07:19:06.038Z", "user": 1, "content_type": 9, "object_id": "37", "object_repr": "Nikita Project-A Active Java : Nikita 2022-09-16 07:18:56+00:00 6.4", "action_flag": 1, "change_message": "[{\"added\": {}}]"}}, {"model": "admin.logentry", "pk": 107, "fields": {"action_time": "2022-09-19T07:19:18.933Z", "user": 1, "content_type": 9, "object_id": "38", "object_repr": "Bhuvesh Project-D Active Drupal : Himanshu 2022-09-12 07:19:08+00:00 8", "action_flag": 1, "change_message": "[{\"added\": {}}]"}}, {"model": "admin.logentry", "pk": 108, "fields": {"action_time": "2022-09-19T07:19:29.562Z", "user": 1, "content_type": 9, "object_id": "39", "object_repr": "Bhuvesh Project-D Active Drupal : Himanshu 2022-09-13 07:19:20+00:00 1", "action_flag": 1, "change_message": "[{\"added\": {}}]"}}, {"model": "admin.logentry", "pk": 109, "fields": {"action_time": "2022-09-19T07:19:43.624Z", "user": 1, "content_type": 9, "object_id": "40", "object_repr": "Bhuvesh Project-D Active Drupal : Himanshu 2022-09-14 07:19:31+00:00 2", "action_flag": 1, "change_message": "[{\"added\": {}}]"}}, {"model": "admin.logentry", "pk": 110, "fields": {"action_time": "2022-09-19T07:19:57.357Z", "user": 1, "content_type": 9, "object_id": "41", "object_repr": "Bhuvesh Project-D Active Drupal : Himanshu 2022-09-15 07:19:48+00:00 4", "action_flag": 1, "change_message": "[{\"added\": {}}]"}}, {"model": "admin.logentry", "pk": 111, "fields": {"action_time": "2022-09-19T07:20:08.738Z", "user": 1, "content_type": 9, "object_id": "42", "object_repr": "Bhuvesh Project-D Active Drupal : Himanshu 2022-09-16 07:19:59+00:00 5", "action_flag": 1, "change_message": "[{\"added\": {}}]"}}, {"model": "admin.logentry", "pk": 112, "fields": {"action_time": "2022-09-19T07:20:41.725Z", "user": 1, "content_type": 9, "object_id": "43", "object_repr": "Anjnish Project-G Active Python : Himanshu 2022-09-12 07:20:30+00:00 4", "action_flag": 1, "change_message": "[{\"added\": {}}]"}}, {"model": "admin.logentry", "pk": 113, "fields": {"action_time": "2022-09-19T07:20:54.601Z", "user": 1, "content_type": 9, "object_id": "44", "object_repr": "Anjnish Project-G Active Python : Himanshu 2022-09-13 07:20:43+00:00 7", "action_flag": 1, "change_message": "[{\"added\": {}}]"}}, {"model": "admin.logentry", "pk": 114, "fields": {"action_time": "2022-09-19T07:21:07.353Z", "user": 1, "content_type": 9, "object_id": "45", "object_repr": "Anjnish Project-G Active Python : Himanshu 2022-09-14 07:20:56+00:00 6", "action_flag": 1, "change_message": "[{\"added\": {}}]"}}, {"model": "admin.logentry", "pk": 115, "fields": {"action_time": "2022-09-19T07:21:19.638Z", "user": 1, "content_type": 9, "object_id": "46", "object_repr": "Anjnish Project-G Active Python : Himanshu 2022-09-15 07:21:10+00:00 7", "action_flag": 1, "change_message": "[{\"added\": {}}]"}}, {"model": "admin.logentry", "pk": 116, "fields": {"action_time": "2022-09-19T07:21:36.260Z", "user": 1, "content_type": 9, "object_id": "47", "object_repr": "Anjnish Project-G Active Python : Himanshu 2022-09-16 07:21:21+00:00 4", "action_flag": 1, "change_message": "[{\"added\": {}}]"}}, {"model": "admin.logentry", "pk": 117, "fields": {"action_time": "2022-09-19T07:21:53.333Z", "user": 1, "content_type": 9, "object_id": "48", "object_repr": "Jatin Dime Active Python : Himanshu 2022-09-12 07:21:38+00:00 9", "action_flag": 1, "change_message": "[{\"added\": {}}]"}}, {"model": "admin.logentry", "pk": 118, "fields": {"action_time": "2022-09-19T07:22:06.931Z", "user": 1, "content_type": 9, "object_id": "49", "object_repr": "Jatin Dime Active Python : Himanshu 2022-09-13 07:21:57+00:00 1", "action_flag": 1, "change_message": "[{\"added\": {}}]"}}, {"model": "admin.logentry", "pk": 119, "fields": {"action_time": "2022-09-19T07:22:16.727Z", "user": 1, "content_type": 9, "object_id": "50", "object_repr": "Jatin Dime Active Python : Himanshu 2022-09-14 07:22:08+00:00 4", "action_flag": 1, "change_message": "[{\"added\": {}}]"}}, {"model": "admin.logentry", "pk": 120, "fields": {"action_time": "2022-09-19T07:22:28.524Z", "user": 1, "content_type": 9, "object_id": "51", "object_repr": "Jatin Dime Active Python : Himanshu 2022-09-15 07:22:18+00:00 5", "action_flag": 1, "change_message": "[{\"added\": {}}]"}}, {"model": "admin.logentry", "pk": 121, "fields": {"action_time": "2022-09-19T07:22:46.298Z", "user": 1, "content_type": 9, "object_id": "52", "object_repr": "Jatin Dime Active Python : Himanshu 2022-09-16 07:22:33+00:00 3", "action_flag": 1, "change_message": "[{\"added\": {}}]"}}, {"model": "admin.logentry", "pk": 122, "fields": {"action_time": "2022-09-23T08:18:46.675Z", "user": 1, "content_type": 9, "object_id": "53", "object_repr": "Pulkit Project-I Active Python : Himanshu 2022-09-09 08:17:48+00:00 6.20", "action_flag": 1, "change_message": "[{\"added\": {}}]"}}, {"model": "admin.logentry", "pk": 123, "fields": {"action_time": "2022-09-23T08:19:03.502Z", "user": 1, "content_type": 9, "object_id": "54", "object_repr": "Pulkit Project-I Active Python : Himanshu 2022-09-06 08:18:52+00:00 1", "action_flag": 1, "change_message": "[{\"added\": {}}]"}}, {"model": "admin.logentry", "pk": 124, "fields": {"action_time": "2022-09-23T08:19:30.470Z", "user": 1, "content_type": 9, "object_id": "55", "object_repr": "Pulkit Project-I Active Python : Himanshu 2022-09-09 08:19:13+00:00 5.30", "action_flag": 1, "change_message": "[{\"added\": {}}]"}}, {"model": "admin.logentry", "pk": 125, "fields": {"action_time": "2022-09-23T08:19:44.152Z", "user": 1, "content_type": 9, "object_id": "56", "object_repr": "Jahnavi Project-H Active Python : Himanshu 2022-09-08 08:19:32+00:00 4", "action_flag": 1, "change_message": "[{\"added\": {}}]"}}, {"model": "admin.logentry", "pk": 126, "fields": {"action_time": "2022-09-23T08:19:57.554Z", "user": 1, "content_type": 9, "object_id": "57", "object_repr": "Jahnavi Project-H Active Python : Himanshu 2022-09-06 08:19:45+00:00 7", "action_flag": 1, "change_message": "[{\"added\": {}}]"}}, {"model": "admin.logentry", "pk": 127, "fields": {"action_time": "2022-09-23T08:20:08.529Z", "user": 1, "content_type": 9, "object_id": "58", "object_repr": "Sakshi Project-E Active Drupal : Himanshu 2022-09-08 08:19:59+00:00 5", "action_flag": 1, "change_message": "[{\"added\": {}}]"}}, {"model": "admin.logentry", "pk": 128, "fields": {"action_time": "2022-09-23T08:20:21.660Z", "user": 1, "content_type": 9, "object_id": "59", "object_repr": "Sakshi Project-E Active Drupal : Himanshu 2022-09-07 08:20:10+00:00 4", "action_flag": 1, "change_message": "[{\"added\": {}}]"}}, {"model": "admin.logentry", "pk": 129, "fields": {"action_time": "2022-09-23T08:20:32.116Z", "user": 1, "content_type": 9, "object_id": "60", "object_repr": "Payal Project-C Active Java : Nikita 2022-09-06 08:20:23+00:00 2", "action_flag": 1, "change_message": "[{\"added\": {}}]"}}, {"model": "admin.logentry", "pk": 130, "fields": {"action_time": "2022-09-23T08:20:45.720Z", "user": 1, "content_type": 9, "object_id": "61", "object_repr": "Payal Project-C Active Java : Nikita 2022-09-07 08:20:33+00:00 6", "action_flag": 1, "change_message": "[{\"added\": {}}]"}}, {"model": "admin.logentry", "pk": 131, "fields": {"action_time": "2022-09-23T08:24:39.545Z", "user": 1, "content_type": 9, "object_id": "62", "object_repr": "Payal Project-C Active Java : Nikita 2022-09-08 08:23:27+00:00 3.50", "action_flag": 1, "change_message": "[{\"added\": {}}]"}}, {"model": "admin.logentry", "pk": 132, "fields": {"action_time": "2022-09-23T08:24:52.546Z", "user": 1, "content_type": 9, "object_id": "63", "object_repr": "Hitendra Project-B Active Java : Nikita 2022-09-06 08:24:41+00:00 6", "action_flag": 1, "change_message": "[{\"added\": {}}]"}}, {"model": "admin.logentry", "pk": 133, "fields": {"action_time": "2022-09-23T08:25:04.776Z", "user": 1, "content_type": 9, "object_id": "64", "object_repr": "Hitendra Project-B Active Java : Nikita 2022-09-07 08:24:54+00:00 3", "action_flag": 1, "change_message": "[{\"added\": {}}]"}}, {"model": "admin.logentry", "pk": 134, "fields": {"action_time": "2022-09-23T08:25:30.042Z", "user": 1, "content_type": 9, "object_id": "65", "object_repr": "Hitendra Project-B Active Java : Nikita 2022-09-08 08:25:19+00:00 2", "action_flag": 1, "change_message": "[{\"added\": {}}]"}}, {"model": "admin.logentry", "pk": 135, "fields": {"action_time": "2022-09-23T08:25:49.184Z", "user": 1, "content_type": 9, "object_id": "66", "object_repr": "Nikita Project-A Active Java : Nikita 2022-09-06 08:25:38+00:00 6", "action_flag": 1, "change_message": "[{\"added\": {}}]"}}, {"model": "admin.logentry", "pk": 136, "fields": {"action_time": "2022-09-23T08:25:59.290Z", "user": 1, "content_type": 9, "object_id": "67", "object_repr": "Nikita Project-A Active Java : Nikita 2022-09-07 08:25:50+00:00 1", "action_flag": 1, "change_message": "[{\"added\": {}}]"}}, {"model": "admin.logentry", "pk": 137, "fields": {"action_time": "2022-09-23T08:26:08.782Z", "user": 1, "content_type": 9, "object_id": "68", "object_repr": "Nikita Project-A Active Java : Nikita 2022-09-08 08:26:00+00:00 3", "action_flag": 1, "change_message": "[{\"added\": {}}]"}}, {"model": "admin.logentry", "pk": 138, "fields": {"action_time": "2022-09-23T08:26:21.573Z", "user": 1, "content_type": 9, "object_id": "69", "object_repr": "Bhuvesh Project-D Active Drupal : Himanshu 2022-09-06 08:26:10+00:00 6", "action_flag": 1, "change_message": "[{\"added\": {}}]"}}, {"model": "admin.logentry", "pk": 139, "fields": {"action_time": "2022-09-23T08:26:31.400Z", "user": 1, "content_type": 9, "object_id": "70", "object_repr": "Bhuvesh Project-D Active Drupal : Himanshu 2022-09-07 08:26:23+00:00 4", "action_flag": 1, "change_message": "[{\"added\": {}}]"}}, {"model": "admin.logentry", "pk": 140, "fields": {"action_time": "2022-09-23T08:26:41.339Z", "user": 1, "content_type": 9, "object_id": "71", "object_repr": "Bhuvesh Project-D Active Drupal : Himanshu 2022-09-08 08:26:33+00:00 7", "action_flag": 1, "change_message": "[{\"added\": {}}]"}}, {"model": "admin.logentry", "pk": 141, "fields": {"action_time": "2022-09-23T08:26:51.472Z", "user": 1, "content_type": 9, "object_id": "72", "object_repr": "Anjnish Project-G Active Python : Himanshu 2022-09-06 08:26:43+00:00 7", "action_flag": 1, "change_message": "[{\"added\": {}}]"}}, {"model": "admin.logentry", "pk": 142, "fields": {"action_time": "2022-09-23T08:27:05.338Z", "user": 1, "content_type": 9, "object_id": "73", "object_repr": "Anjnish Project-G Active Python : Himanshu 2022-09-07 08:26:53+00:00 7", "action_flag": 1, "change_message": "[{\"added\": {}}]"}}, {"model": "admin.logentry", "pk": 143, "fields": {"action_time": "2022-09-23T08:27:16.042Z", "user": 1, "content_type": 9, "object_id": "74", "object_repr": "Anjnish Project-G Active Python : Himanshu 2022-09-08 08:27:08+00:00 3", "action_flag": 1, "change_message": "[{\"added\": {}}]"}}, {"model": "admin.logentry", "pk": 144, "fields": {"action_time": "2022-09-23T08:28:09.295Z", "user": 1, "content_type": 9, "object_id": "75", "object_repr": "Jahnavi Project-H Active Python : Himanshu 2022-09-09 08:28:01+00:00 4", "action_flag": 1, "change_message": "[{\"added\": {}}]"}}, {"model": "admin.logentry", "pk": 145, "fields": {"action_time": "2022-09-23T08:28:21.884Z", "user": 1, "content_type": 9, "object_id": "76", "object_repr": "Pulkit Project-I Active Python : Himanshu 2022-09-09 08:28:11+00:00 6", "action_flag": 1, "change_message": "[{\"added\": {}}]"}}, {"model": "admin.logentry", "pk": 146, "fields": {"action_time": "2022-09-23T08:28:37.412Z", "user": 1, "content_type": 9, "object_id": "77", "object_repr": "Jahnavi Project-H Active Python : Himanshu 2022-09-09 08:28:23+00:00 7", "action_flag": 1, "change_message": "[{\"added\": {}}]"}}, {"model": "admin.logentry", "pk": 147, "fields": {"action_time": "2022-09-23T08:28:48.606Z", "user": 1, "content_type": 9, "object_id": "78", "object_repr": "Payal Project-C Active Java : Nikita 2022-09-09 08:28:39+00:00 4", "action_flag": 1, "change_message": "[{\"added\": {}}]"}}, {"model": "admin.logentry", "pk": 148, "fields": {"action_time": "2022-09-23T08:29:01.822Z", "user": 1, "content_type": 9, "object_id": "79", "object_repr": "Hitendra Project-B Active Java : Nikita 2022-09-09 08:28:50+00:00 7", "action_flag": 1, "change_message": "[{\"added\": {}}]"}}, {"model": "admin.logentry", "pk": 149, "fields": {"action_time": "2022-09-23T08:29:15.414Z", "user": 1, "content_type": 9, "object_id": "80", "object_repr": "Sakshi Project-E Active Drupal : Himanshu 2022-09-09 08:29:08+00:00 7", "action_flag": 1, "change_message": "[{\"added\": {}}]"}}, {"model": "admin.logentry", "pk": 150, "fields": {"action_time": "2022-09-23T08:29:34.542Z", "user": 1, "content_type": 9, "object_id": "81", "object_repr": "Nikita Project-A Active Java : Nikita 2022-09-09 08:29:27+00:00 6", "action_flag": 1, "change_message": "[{\"added\": {}}]"}}, {"model": "admin.logentry", "pk": 151, "fields": {"action_time": "2022-09-23T08:29:46.522Z", "user": 1, "content_type": 9, "object_id": "82", "object_repr": "Bhuvesh Project-D Active Drupal : Himanshu 2022-09-09 08:29:36+00:00 1", "action_flag": 1, "change_message": "[{\"added\": {}}]"}}, {"model": "admin.logentry", "pk": 152, "fields": {"action_time": "2022-09-23T08:29:59.768Z", "user": 1, "content_type": 9, "object_id": "83", "object_repr": "Anjnish Project-G Active Python : Himanshu 2022-09-09 08:29:50+00:00 5", "action_flag": 1, "change_message": "[{\"added\": {}}]"}}, {"model": "admin.logentry", "pk": 153, "fields": {"action_time": "2022-09-23T08:30:13.111Z", "user": 1, "content_type": 9, "object_id": "84", "object_repr": "Pulkit Project-I Active Python : Himanshu 2022-09-10 08:30:04+00:00 2", "action_flag": 1, "change_message": "[{\"added\": {}}]"}}, {"model": "admin.logentry", "pk": 154, "fields": {"action_time": "2022-09-23T08:30:26.294Z", "user": 1, "content_type": 9, "object_id": "85", "object_repr": "Jahnavi Project-H Active Python : Himanshu 2022-09-09 08:30:16+00:00 6", "action_flag": 1, "change_message": "[{\"added\": {}}]"}}, {"model": "admin.logentry", "pk": 155, "fields": {"action_time": "2022-09-23T08:30:40.132Z", "user": 1, "content_type": 9, "object_id": "86", "object_repr": "Jahnavi Project-H Active Python : Himanshu 2022-09-10 08:30:31+00:00 2", "action_flag": 1, "change_message": "[{\"added\": {}}]"}}, {"model": "admin.logentry", "pk": 156, "fields": {"action_time": "2022-09-23T08:30:51.316Z", "user": 1, "content_type": 9, "object_id": "87", "object_repr": "Sakshi Project-E Active Drupal : Himanshu 2022-09-10 08:30:41+00:00 7", "action_flag": 1, "change_message": "[{\"added\": {}}]"}}, {"model": "admin.logentry", "pk": 157, "fields": {"action_time": "2022-09-23T08:31:00.413Z", "user": 1, "content_type": 9, "object_id": "88", "object_repr": "Payal Project-C Active Java : Nikita 2022-09-10 08:30:53+00:00 7", "action_flag": 1, "change_message": "[{\"added\": {}}]"}}, {"model": "admin.logentry", "pk": 158, "fields": {"action_time": "2022-09-23T08:31:10.879Z", "user": 1, "content_type": 9, "object_id": "89", "object_repr": "Hitendra Project-B Active Java : Nikita 2022-09-10 08:31:02+00:00 1", "action_flag": 1, "change_message": "[{\"added\": {}}]"}}, {"model": "admin.logentry", "pk": 159, "fields": {"action_time": "2022-09-23T08:31:20.733Z", "user": 1, "content_type": 9, "object_id": "90", "object_repr": "Nikita Project-A Active Java : Nikita 2022-09-10 08:31:12+00:00 4", "action_flag": 1, "change_message": "[{\"added\": {}}]"}}, {"model": "admin.logentry", "pk": 160, "fields": {"action_time": "2022-09-23T08:31:32.347Z", "user": 1, "content_type": 9, "object_id": "91", "object_repr": "Bhuvesh Project-D Active Drupal : Himanshu 2022-09-10 08:31:23+00:00 3", "action_flag": 1, "change_message": "[{\"added\": {}}]"}}, {"model": "admin.logentry", "pk": 161, "fields": {"action_time": "2022-09-23T08:31:41.936Z", "user": 1, "content_type": 9, "object_id": "92", "object_repr": "Anjnish Project-G Active Python : Himanshu 2022-09-10 08:31:34+00:00 1", "action_flag": 1, "change_message": "[{\"added\": {}}]"}}, {"model": "admin.logentry", "pk": 162, "fields": {"action_time": "2022-09-23T08:32:26.625Z", "user": 1, "content_type": 9, "object_id": "93", "object_repr": "Pulkit Project-I Active Python : Himanshu 2022-09-11 08:31:43+00:00 7", "action_flag": 1, "change_message": "[{\"added\": {}}]"}}, {"model": "admin.logentry", "pk": 163, "fields": {"action_time": "2022-09-23T08:32:36.662Z", "user": 1, "content_type": 9, "object_id": "94", "object_repr": "Jahnavi Project-H Active Python : Himanshu 2022-09-11 08:32:28+00:00 6", "action_flag": 1, "change_message": "[{\"added\": {}}]"}}, {"model": "admin.logentry", "pk": 164, "fields": {"action_time": "2022-09-23T08:32:43.789Z", "user": 1, "content_type": 9, "object_id": "95", "object_repr": "Sakshi Project-E Active Drupal : Himanshu 2022-09-11 08:32:38+00:00 1", "action_flag": 1, "change_message": "[{\"added\": {}}]"}}, {"model": "admin.logentry", "pk": 165, "fields": {"action_time": "2022-09-23T08:32:52.874Z", "user": 1, "content_type": 9, "object_id": "96", "object_repr": "Payal Project-C Active Java : Nikita 2022-09-11 08:32:45+00:00 3", "action_flag": 1, "change_message": "[{\"added\": {}}]"}}, {"model": "admin.logentry", "pk": 166, "fields": {"action_time": "2022-09-23T08:33:05.597Z", "user": 1, "content_type": 9, "object_id": "97", "object_repr": "Hitendra Project-B Active Java : Nikita 2022-09-11 08:32:54+00:00 3.45", "action_flag": 1, "change_message": "[{\"added\": {}}]"}}, {"model": "admin.logentry", "pk": 167, "fields": {"action_time": "2022-09-23T08:33:22.954Z", "user": 1, "content_type": 9, "object_id": "98", "object_repr": "Nikita Project-A Active Java : Nikita 2022-09-11 08:33:07+00:00 3.40", "action_flag": 1, "change_message": "[{\"added\": {}}]"}}, {"model": "admin.logentry", "pk": 168, "fields": {"action_time": "2022-09-23T08:33:34.140Z", "user": 1, "content_type": 9, "object_id": "99", "object_repr": "Bhuvesh Project-D Active Drupal : Himanshu 2022-09-11 08:33:24+00:00 7", "action_flag": 1, "change_message": "[{\"added\": {}}]"}}, {"model": "admin.logentry", "pk": 169, "fields": {"action_time": "2022-09-23T08:33:45.237Z", "user": 1, "content_type": 9, "object_id": "100", "object_repr": "Anjnish Project-G Active Python : Himanshu 2022-09-11 08:33:36+00:00 2", "action_flag": 1, "change_message": "[{\"added\": {}}]"}}, {"model": "admin.logentry", "pk": 170, "fields": {"action_time": "2022-09-23T08:33:56.159Z", "user": 1, "content_type": 9, "object_id": "101", "object_repr": "Pulkit Project-I Active Python : Himanshu 2022-09-12 08:33:47+00:00 7", "action_flag": 1, "change_message": "[{\"added\": {}}]"}}, {"model": "admin.logentry", "pk": 171, "fields": {"action_time": "2022-09-23T08:34:13.412Z", "user": 1, "content_type": 9, "object_id": "102", "object_repr": "Jahnavi Project-H Active Python : Himanshu 2022-09-12 08:34:02+00:00 5", "action_flag": 1, "change_message": "[{\"added\": {}}]"}}, {"model": "admin.logentry", "pk": 172, "fields": {"action_time": "2022-09-23T08:34:48.382Z", "user": 1, "content_type": 9, "object_id": "103", "object_repr": "Sakshi Project-E Active Drupal : Himanshu 2022-09-12 08:34:37+00:00 5", "action_flag": 1, "change_message": "[{\"added\": {}}]"}}, {"model": "admin.logentry", "pk": 173, "fields": {"action_time": "2022-09-23T08:35:02.707Z", "user": 1, "content_type": 9, "object_id": "104", "object_repr": "Payal Project-C Active Java : Nikita 2022-09-12 08:34:54+00:00 2", "action_flag": 1, "change_message": "[{\"added\": {}}]"}}, {"model": "admin.logentry", "pk": 174, "fields": {"action_time": "2022-09-23T08:35:13.448Z", "user": 1, "content_type": 9, "object_id": "105", "object_repr": "Hitendra Project-B Active Java : Nikita 2022-09-12 08:35:04+00:00 7", "action_flag": 1, "change_message": "[{\"added\": {}}]"}}, {"model": "admin.logentry", "pk": 175, "fields": {"action_time": "2022-09-23T08:35:27.951Z", "user": 1, "content_type": 9, "object_id": "106", "object_repr": "Nikita Project-A Active Java : Nikita 2022-09-12 08:35:15+00:00 6.20", "action_flag": 1, "change_message": "[{\"added\": {}}]"}}, {"model": "admin.logentry", "pk": 176, "fields": {"action_time": "2022-09-23T08:35:42.467Z", "user": 1, "content_type": 9, "object_id": "107", "object_repr": "Bhuvesh Project-D Active Drupal : Himanshu 2022-09-12 08:35:30+00:00 2.55", "action_flag": 1, "change_message": "[{\"added\": {}}]"}}, {"model": "admin.logentry", "pk": 177, "fields": {"action_time": "2022-09-23T08:36:00.778Z", "user": 1, "content_type": 9, "object_id": "108", "object_repr": "Anjnish Project-G Active Python : Himanshu 2022-09-12 08:35:47+00:00 3.50", "action_flag": 1, "change_message": "[{\"added\": {}}]"}}, {"model": "admin.logentry", "pk": 178, "fields": {"action_time": "2022-09-23T08:36:26.200Z", "user": 1, "content_type": 9, "object_id": "109", "object_repr": "Pulkit Project-I Active Python : Himanshu 2022-09-13 08:36:02+00:00 5.20", "action_flag": 1, "change_message": "[{\"added\": {}}]"}}, {"model": "admin.logentry", "pk": 179, "fields": {"action_time": "2022-09-23T08:37:03.389Z", "user": 1, "content_type": 9, "object_id": "110", "object_repr": "Jahnavi Project-H Active Python : Himanshu 2022-09-13 08:36:52+00:00 1.50", "action_flag": 1, "change_message": "[{\"added\": {}}]"}}, {"model": "admin.logentry", "pk": 180, "fields": {"action_time": "2022-09-23T08:37:17.289Z", "user": 1, "content_type": 9, "object_id": "111", "object_repr": "Sakshi Project-E Active Drupal : Himanshu 2022-09-13 08:37:07+00:00 2", "action_flag": 1, "change_message": "[{\"added\": {}}]"}}, {"model": "admin.logentry", "pk": 181, "fields": {"action_time": "2022-09-23T08:37:30.567Z", "user": 1, "content_type": 9, "object_id": "112", "object_repr": "Payal Project-C Active Java : Nikita 2022-09-13 08:37:18+00:00 5.25", "action_flag": 1, "change_message": "[{\"added\": {}}]"}}, {"model": "admin.logentry", "pk": 182, "fields": {"action_time": "2022-09-23T08:38:03.925Z", "user": 1, "content_type": 9, "object_id": "113", "object_repr": "Hitendra Project-B Active Java : Nikita 2022-09-13 08:37:55+00:00 6", "action_flag": 1, "change_message": "[{\"added\": {}}]"}}, {"model": "admin.logentry", "pk": 183, "fields": {"action_time": "2022-09-23T08:38:21.795Z", "user": 1, "content_type": 9, "object_id": "114", "object_repr": "Nikita Project-A Active Java : Nikita 2022-09-13 08:38:11+00:00 1", "action_flag": 1, "change_message": "[{\"added\": {}}]"}}, {"model": "admin.logentry", "pk": 184, "fields": {"action_time": "2022-09-23T08:38:40.173Z", "user": 1, "content_type": 9, "object_id": "115", "object_repr": "Bhuvesh Project-D Active Drupal : Himanshu 2022-09-13 08:38:27+00:00 5.45", "action_flag": 1, "change_message": "[{\"added\": {}}]"}}, {"model": "admin.logentry", "pk": 185, "fields": {"action_time": "2022-09-23T08:39:00.678Z", "user": 1, "content_type": 9, "object_id": "116", "object_repr": "Anjnish Project-G Active Python : Himanshu 2022-09-13 08:38:48+00:00 4.50", "action_flag": 1, "change_message": "[{\"added\": {}}]"}}, {"model": "admin.logentry", "pk": 186, "fields": {"action_time": "2022-09-23T08:39:14.080Z", "user": 1, "content_type": 9, "object_id": "117", "object_repr": "Pulkit Project-I Active Python : Himanshu 2022-09-14 08:39:02+00:00 5.30", "action_flag": 1, "change_message": "[{\"added\": {}}]"}}, {"model": "admin.logentry", "pk": 187, "fields": {"action_time": "2022-09-23T08:39:25.829Z", "user": 1, "content_type": 9, "object_id": "118", "object_repr": "Jahnavi Project-H Active Python : Himanshu 2022-09-14 08:39:16+00:00 3", "action_flag": 1, "change_message": "[{\"added\": {}}]"}}, {"model": "admin.logentry", "pk": 188, "fields": {"action_time": "2022-09-23T08:39:47.080Z", "user": 1, "content_type": 9, "object_id": "119", "object_repr": "Sakshi Project-E Active Drupal : Himanshu 2022-09-14 08:39:36+00:00 6", "action_flag": 1, "change_message": "[{\"added\": {}}]"}}, {"model": "admin.logentry", "pk": 189, "fields": {"action_time": "2022-09-23T08:39:59.746Z", "user": 1, "content_type": 9, "object_id": "120", "object_repr": "Payal Project-C Active Java : Nikita 2022-09-14 08:39:51+00:00 1", "action_flag": 1, "change_message": "[{\"added\": {}}]"}}, {"model": "admin.logentry", "pk": 190, "fields": {"action_time": "2022-09-23T08:40:11.461Z", "user": 1, "content_type": 9, "object_id": "121", "object_repr": "Hitendra Project-B Active Java : Nikita 2022-09-14 08:40:01+00:00 7", "action_flag": 1, "change_message": "[{\"added\": {}}]"}}, {"model": "admin.logentry", "pk": 191, "fields": {"action_time": "2022-09-23T08:40:22.200Z", "user": 1, "content_type": 9, "object_id": "122", "object_repr": "Nikita Project-A Active Java : Nikita 2022-09-14 08:40:13+00:00 2", "action_flag": 1, "change_message": "[{\"added\": {}}]"}}, {"model": "admin.logentry", "pk": 192, "fields": {"action_time": "2022-09-23T08:40:37.464Z", "user": 1, "content_type": 9, "object_id": "123", "object_repr": "Bhuvesh Project-D Active Drupal : Himanshu 2022-09-14 08:40:23+00:00 3.55", "action_flag": 1, "change_message": "[{\"added\": {}}]"}}, {"model": "admin.logentry", "pk": 193, "fields": {"action_time": "2022-09-23T08:40:52.293Z", "user": 1, "content_type": 9, "object_id": "124", "object_repr": "Anjnish Project-G Active Python : Himanshu 2022-09-14 08:40:39+00:00 6.45", "action_flag": 1, "change_message": "[{\"added\": {}}]"}}, {"model": "admin.logentry", "pk": 194, "fields": {"action_time": "2022-09-23T08:41:08.206Z", "user": 1, "content_type": 9, "object_id": "125", "object_repr": "Pulkit Project-I Active Python : Himanshu 2022-09-15 08:40:54+00:00 3.55", "action_flag": 1, "change_message": "[{\"added\": {}}]"}}, {"model": "admin.logentry", "pk": 195, "fields": {"action_time": "2022-09-23T08:41:30.693Z", "user": 1, "content_type": 9, "object_id": "126", "object_repr": "Jahnavi Project-H Active Python : Himanshu 2022-09-15 08:41:21+00:00 7", "action_flag": 1, "change_message": "[{\"added\": {}}]"}}, {"model": "admin.logentry", "pk": 196, "fields": {"action_time": "2022-09-23T08:41:49.977Z", "user": 1, "content_type": 9, "object_id": "127", "object_repr": "Sakshi Project-E Active Drupal : Himanshu 2022-09-15 08:41:34+00:00 2.55", "action_flag": 1, "change_message": "[{\"added\": {}}]"}}, {"model": "admin.logentry", "pk": 197, "fields": {"action_time": "2022-09-23T08:42:04.270Z", "user": 1, "content_type": 9, "object_id": "128", "object_repr": "Payal Project-C Active Java : Nikita 2022-09-15 08:41:52+00:00 2.20", "action_flag": 1, "change_message": "[{\"added\": {}}]"}}, {"model": "admin.logentry", "pk": 198, "fields": {"action_time": "2022-09-23T08:42:18.944Z", "user": 1, "content_type": 9, "object_id": "129", "object_repr": "Hitendra Project-B Active Java : Nikita 2022-09-15 08:42:06+00:00 1.50", "action_flag": 1, "change_message": "[{\"added\": {}}]"}}, {"model": "admin.logentry", "pk": 199, "fields": {"action_time": "2022-09-23T08:42:32.287Z", "user": 1, "content_type": 9, "object_id": "130", "object_repr": "Nikita Project-A Active Java : Nikita 2022-09-15 08:42:23+00:00 7", "action_flag": 1, "change_message": "[{\"added\": {}}]"}}, {"model": "admin.logentry", "pk": 200, "fields": {"action_time": "2022-09-23T08:42:47.184Z", "user": 1, "content_type": 9, "object_id": "131", "object_repr": "Bhuvesh Project-D Active Drupal : Himanshu 2022-09-15 08:42:33+00:00 5.30", "action_flag": 1, "change_message": "[{\"added\": {}}]"}}, {"model": "admin.logentry", "pk": 201, "fields": {"action_time": "2022-09-23T08:43:18.148Z", "user": 1, "content_type": 9, "object_id": "132", "object_repr": "Anjnish Project-G Active Python : Himanshu 2022-09-15 08:43:10+00:00 1", "action_flag": 1, "change_message": "[{\"added\": {}}]"}}, {"model": "admin.logentry", "pk": 202, "fields": {"action_time": "2022-09-23T08:43:27.377Z", "user": 1, "content_type": 9, "object_id": "133", "object_repr": "Pulkit Project-I Active Python : Himanshu 2022-09-16 08:43:19+00:00 1", "action_flag": 1, "change_message": "[{\"added\": {}}]"}}, {"model": "admin.logentry", "pk": 203, "fields": {"action_time": "2022-09-23T08:43:36.647Z", "user": 1, "content_type": 9, "object_id": "134", "object_repr": "Jahnavi Project-H Active Python : Himanshu 2022-09-16 08:43:29+00:00 1", "action_flag": 1, "change_message": "[{\"added\": {}}]"}}, {"model": "admin.logentry", "pk": 204, "fields": {"action_time": "2022-09-23T08:44:09.683Z", "user": 1, "content_type": 9, "object_id": "135", "object_repr": "Sakshi Project-E Active Drupal : Himanshu 2022-09-16 08:44:00+00:00 5", "action_flag": 1, "change_message": "[{\"added\": {}}]"}}, {"model": "admin.logentry", "pk": 205, "fields": {"action_time": "2022-09-23T08:44:22.084Z", "user": 1, "content_type": 9, "object_id": "136", "object_repr": "Payal Project-C Active Java : Nikita 2022-09-16 08:44:11+00:00 3.50", "action_flag": 1, "change_message": "[{\"added\": {}}]"}}, {"model": "admin.logentry", "pk": 206, "fields": {"action_time": "2022-09-23T08:44:34.768Z", "user": 1, "content_type": 9, "object_id": "137", "object_repr": "Hitendra Project-B Active Java : Nikita 2022-09-16 08:44:24+00:00 4", "action_flag": 1, "change_message": "[{\"added\": {}}]"}}, {"model": "admin.logentry", "pk": 207, "fields": {"action_time": "2022-09-23T08:44:44.346Z", "user": 1, "content_type": 9, "object_id": "138", "object_repr": "Nikita Project-A Active Java : Nikita 2022-09-16 08:44:36+00:00 1", "action_flag": 1, "change_message": "[{\"added\": {}}]"}}, {"model": "admin.logentry", "pk": 208, "fields": {"action_time": "2022-09-23T08:45:04.994Z", "user": 1, "content_type": 9, "object_id": "139", "object_repr": "Bhuvesh Project-D Active Drupal : Himanshu 2022-09-16 08:44:57+00:00 7", "action_flag": 1, "change_message": "[{\"added\": {}}]"}}, {"model": "admin.logentry", "pk": 209, "fields": {"action_time": "2022-09-23T08:45:14.609Z", "user": 1, "content_type": 9, "object_id": "140", "object_repr": "Anjnish Project-G Active Python : Himanshu 2022-09-16 08:45:06+00:00 4", "action_flag": 1, "change_message": "[{\"added\": {}}]"}}, {"model": "admin.logentry", "pk": 210, "fields": {"action_time": "2022-09-23T08:45:24.656Z", "user": 1, "content_type": 9, "object_id": "141", "object_repr": "Pulkit Project-I Active Python : Himanshu 2022-09-17 08:45:16+00:00 5", "action_flag": 1, "change_message": "[{\"added\": {}}]"}}, {"model": "admin.logentry", "pk": 211, "fields": {"action_time": "2022-09-23T08:45:36.563Z", "user": 1, "content_type": 9, "object_id": "142", "object_repr": "Jahnavi Project-H Active Python : Himanshu 2022-09-18 08:45:26+00:00 4", "action_flag": 1, "change_message": "[{\"added\": {}}]"}}, {"model": "admin.logentry", "pk": 212, "fields": {"action_time": "2022-09-23T08:45:51.252Z", "user": 1, "content_type": 9, "object_id": "143", "object_repr": "Sakshi Project-E Active Drupal : Himanshu 2022-09-17 08:45:44+00:00 1", "action_flag": 1, "change_message": "[{\"added\": {}}]"}}, {"model": "admin.logentry", "pk": 213, "fields": {"action_time": "2022-09-23T08:46:01.148Z", "user": 1, "content_type": 9, "object_id": "144", "object_repr": "Payal Project-C Active Java : Nikita 2022-09-17 08:45:52+00:00 1", "action_flag": 1, "change_message": "[{\"added\": {}}]"}}, {"model": "admin.logentry", "pk": 214, "fields": {"action_time": "2022-09-23T08:46:13.759Z", "user": 1, "content_type": 9, "object_id": "145", "object_repr": "Hitendra Project-B Active Java : Nikita 2022-09-17 08:46:04+00:00 7", "action_flag": 1, "change_message": "[{\"added\": {}}]"}}, {"model": "admin.logentry", "pk": 215, "fields": {"action_time": "2022-09-23T08:46:27.854Z", "user": 1, "content_type": 9, "object_id": "146", "object_repr": "Nikita Project-A Active Java : Nikita 2022-09-17 08:46:15+00:00 2", "action_flag": 1, "change_message": "[{\"added\": {}}]"}}, {"model": "admin.logentry", "pk": 216, "fields": {"action_time": "2022-09-23T08:46:37.152Z", "user": 1, "content_type": 9, "object_id": "147", "object_repr": "Bhuvesh Project-D Active Drupal : Himanshu 2022-09-17 08:46:29+00:00 4", "action_flag": 1, "change_message": "[{\"added\": {}}]"}}, {"model": "admin.logentry", "pk": 217, "fields": {"action_time": "2022-09-23T08:46:44.279Z", "user": 1, "content_type": 9, "object_id": "148", "object_repr": "Anjnish Project-G Active Python : Himanshu 2022-09-17 08:46:38+00:00 5", "action_flag": 1, "change_message": "[{\"added\": {}}]"}}, {"model": "admin.logentry", "pk": 218, "fields": {"action_time": "2022-09-23T08:46:54.682Z", "user": 1, "content_type": 9, "object_id": "149", "object_repr": "Pulkit Project-I Active Python : Himanshu 2022-09-18 08:46:46+00:00 5", "action_flag": 1, "change_message": "[{\"added\": {}}]"}}, {"model": "admin.logentry", "pk": 219, "fields": {"action_time": "2022-09-23T08:47:05.580Z", "user": 1, "content_type": 9, "object_id": "150", "object_repr": "Jahnavi Project-H Active Python : Himanshu 2022-09-18 08:46:56+00:00 3", "action_flag": 1, "change_message": "[{\"added\": {}}]"}}, {"model": "admin.logentry", "pk": 220, "fields": {"action_time": "2022-09-23T08:47:14.651Z", "user": 1, "content_type": 9, "object_id": "151", "object_repr": "Sakshi Project-E Active Drupal : Himanshu 2022-09-18 08:47:07+00:00 3", "action_flag": 1, "change_message": "[{\"added\": {}}]"}}, {"model": "admin.logentry", "pk": 221, "fields": {"action_time": "2022-09-23T08:47:24.615Z", "user": 1, "content_type": 9, "object_id": "152", "object_repr": "Payal Project-C Active Java : Nikita 2022-09-18 08:47:15+00:00 6", "action_flag": 1, "change_message": "[{\"added\": {}}]"}}, {"model": "admin.logentry", "pk": 222, "fields": {"action_time": "2022-09-23T08:47:32.406Z", "user": 1, "content_type": 9, "object_id": "153", "object_repr": "Hitendra Project-B Active Java : Nikita 2022-09-18 08:47:26+00:00 6", "action_flag": 1, "change_message": "[{\"added\": {}}]"}}, {"model": "admin.logentry", "pk": 223, "fields": {"action_time": "2022-09-23T08:47:40.064Z", "user": 1, "content_type": 9, "object_id": "154", "object_repr": "Nikita Project-A Active Java : Nikita 2022-09-18 08:47:33+00:00 2", "action_flag": 1, "change_message": "[{\"added\": {}}]"}}, {"model": "admin.logentry", "pk": 224, "fields": {"action_time": "2022-09-23T08:47:50.267Z", "user": 1, "content_type": 9, "object_id": "155", "object_repr": "Bhuvesh Project-D Active Drupal : Himanshu 2022-09-18 08:47:41+00:00 6", "action_flag": 1, "change_message": "[{\"added\": {}}]"}}, {"model": "admin.logentry", "pk": 225, "fields": {"action_time": "2022-09-23T08:47:59.448Z", "user": 1, "content_type": 9, "object_id": "156", "object_repr": "Anjnish Project-G Active Python : Himanshu 2022-09-18 08:47:51+00:00 4", "action_flag": 1, "change_message": "[{\"added\": {}}]"}}, {"model": "admin.logentry", "pk": 226, "fields": {"action_time": "2022-09-23T08:48:08.223Z", "user": 1, "content_type": 9, "object_id": "157", "object_repr": "Pulkit Project-I Active Python : Himanshu 2022-09-19 08:48:01+00:00 6", "action_flag": 1, "change_message": "[{\"added\": {}}]"}}, {"model": "admin.logentry", "pk": 227, "fields": {"action_time": "2022-09-23T08:48:17.772Z", "user": 1, "content_type": 9, "object_id": "158", "object_repr": "Jahnavi Project-H Active Python : Himanshu 2022-09-19 08:48:10+00:00 1", "action_flag": 1, "change_message": "[{\"added\": {}}]"}}, {"model": "admin.logentry", "pk": 228, "fields": {"action_time": "2022-09-23T08:48:31.456Z", "user": 1, "content_type": 9, "object_id": "159", "object_repr": "Sakshi Project-E Active Drupal : Himanshu 2022-09-19 08:48:24+00:00 6", "action_flag": 1, "change_message": "[{\"added\": {}}]"}}, {"model": "admin.logentry", "pk": 229, "fields": {"action_time": "2022-09-23T08:48:56.242Z", "user": 1, "content_type": 9, "object_id": "160", "object_repr": "Payal Project-C Active Java : Nikita 2022-09-19 08:48:33+00:00 4.25", "action_flag": 1, "change_message": "[{\"added\": {}}]"}}, {"model": "admin.logentry", "pk": 230, "fields": {"action_time": "2022-09-23T08:49:10.037Z", "user": 1, "content_type": 9, "object_id": "161", "object_repr": "Hitendra Project-B Active Java : Nikita 2022-09-19 08:49:02+00:00 6", "action_flag": 1, "change_message": "[{\"added\": {}}]"}}, {"model": "admin.logentry", "pk": 231, "fields": {"action_time": "2022-09-23T08:49:23.162Z", "user": 1, "content_type": 9, "object_id": "162", "object_repr": "Nikita Project-A Active Java : Nikita 2022-09-19 08:49:11+00:00 6", "action_flag": 1, "change_message": "[{\"added\": {}}]"}}, {"model": "admin.logentry", "pk": 232, "fields": {"action_time": "2022-09-23T08:49:32.498Z", "user": 1, "content_type": 9, "object_id": "163", "object_repr": "Bhuvesh Project-D Active Drupal : Himanshu 2022-09-19 08:49:24+00:00 2", "action_flag": 1, "change_message": "[{\"added\": {}}]"}}, {"model": "admin.logentry", "pk": 233, "fields": {"action_time": "2022-09-23T08:49:43.137Z", "user": 1, "content_type": 9, "object_id": "164", "object_repr": "Anjnish Project-G Active Python : Himanshu 2022-09-19 08:49:34+00:00 6", "action_flag": 1, "change_message": "[{\"added\": {}}]"}}, {"model": "admin.logentry", "pk": 234, "fields": {"action_time": "2022-09-23T08:49:53.949Z", "user": 1, "content_type": 9, "object_id": "165", "object_repr": "Pulkit Project-I Active Python : Himanshu 2022-09-20 08:49:44+00:00 4", "action_flag": 1, "change_message": "[{\"added\": {}}]"}}, {"model": "admin.logentry", "pk": 235, "fields": {"action_time": "2022-09-23T08:50:06.235Z", "user": 1, "content_type": 9, "object_id": "166", "object_repr": "Jahnavi Project-H Active Python : Himanshu 2022-09-20 08:49:59+00:00 1", "action_flag": 1, "change_message": "[{\"added\": {}}]"}}, {"model": "admin.logentry", "pk": 236, "fields": {"action_time": "2022-09-23T08:50:18.827Z", "user": 1, "content_type": 9, "object_id": "167", "object_repr": "Sakshi Project-E Active Drupal : Himanshu 2022-09-20 08:50:11+00:00 5", "action_flag": 1, "change_message": "[{\"added\": {}}]"}}, {"model": "admin.logentry", "pk": 237, "fields": {"action_time": "2022-09-23T08:50:28.641Z", "user": 1, "content_type": 9, "object_id": "168", "object_repr": "Payal Project-C Active Java : Nikita 2022-09-20 08:50:20+00:00 5", "action_flag": 1, "change_message": "[{\"added\": {}}]"}}, {"model": "admin.logentry", "pk": 238, "fields": {"action_time": "2022-09-23T08:50:38.705Z", "user": 1, "content_type": 9, "object_id": "169", "object_repr": "Hitendra Project-B Active Java : Nikita 2022-09-20 08:50:30+00:00 6", "action_flag": 1, "change_message": "[{\"added\": {}}]"}}, {"model": "admin.logentry", "pk": 239, "fields": {"action_time": "2022-09-23T08:50:50.146Z", "user": 1, "content_type": 9, "object_id": "170", "object_repr": "Nikita Project-A Active Java : Nikita 2022-09-20 08:50:42+00:00 6", "action_flag": 1, "change_message": "[{\"added\": {}}]"}}, {"model": "admin.logentry", "pk": 240, "fields": {"action_time": "2022-09-23T08:51:03.010Z", "user": 1, "content_type": 9, "object_id": "171", "object_repr": "Bhuvesh Project-D Active Drupal : Himanshu 2022-09-20 08:50:51+00:00 6", "action_flag": 1, "change_message": "[{\"added\": {}}]"}}, {"model": "admin.logentry", "pk": 241, "fields": {"action_time": "2022-09-23T08:51:15.891Z", "user": 1, "content_type": 9, "object_id": "172", "object_repr": "Anjnish Project-G Active Python : Himanshu 2022-09-20 08:51:04+00:00 1", "action_flag": 1, "change_message": "[{\"added\": {}}]"}}, {"model": "admin.logentry", "pk": 242, "fields": {"action_time": "2022-09-23T08:51:27.400Z", "user": 1, "content_type": 9, "object_id": "173", "object_repr": "Pulkit Project-I Active Python : Himanshu 2022-09-21 08:51:17+00:00 5", "action_flag": 1, "change_message": "[{\"added\": {}}]"}}, {"model": "admin.logentry", "pk": 243, "fields": {"action_time": "2022-09-23T08:51:36.386Z", "user": 1, "content_type": 9, "object_id": "174", "object_repr": "Jahnavi Project-H Active Python : Himanshu 2022-09-21 08:51:29+00:00 5", "action_flag": 1, "change_message": "[{\"added\": {}}]"}}, {"model": "admin.logentry", "pk": 244, "fields": {"action_time": "2022-09-23T08:51:52.243Z", "user": 1, "content_type": 9, "object_id": "175", "object_repr": "Sakshi Project-E Active Drupal : Himanshu 2022-09-21 08:51:42+00:00 5.55", "action_flag": 1, "change_message": "[{\"added\": {}}]"}}, {"model": "admin.logentry", "pk": 245, "fields": {"action_time": "2022-09-23T08:52:03.447Z", "user": 1, "content_type": 9, "object_id": "176", "object_repr": "Payal Project-C Active Java : Nikita 2022-09-21 08:51:55+00:00 3", "action_flag": 1, "change_message": "[{\"added\": {}}]"}}, {"model": "admin.logentry", "pk": 246, "fields": {"action_time": "2022-09-23T08:52:13.137Z", "user": 1, "content_type": 9, "object_id": "177", "object_repr": "Hitendra Project-B Active Java : Nikita 2022-09-21 08:52:05+00:00 1", "action_flag": 1, "change_message": "[{\"added\": {}}]"}}, {"model": "admin.logentry", "pk": 247, "fields": {"action_time": "2022-09-23T08:52:22.816Z", "user": 1, "content_type": 9, "object_id": "178", "object_repr": "Nikita Project-A Active Java : Nikita 2022-09-21 08:52:15+00:00 4", "action_flag": 1, "change_message": "[{\"added\": {}}]"}}, {"model": "admin.logentry", "pk": 248, "fields": {"action_time": "2022-09-23T08:52:32.010Z", "user": 1, "content_type": 9, "object_id": "179", "object_repr": "Bhuvesh Project-D Active Drupal : Himanshu 2022-09-21 08:52:24+00:00 4", "action_flag": 1, "change_message": "[{\"added\": {}}]"}}, {"model": "admin.logentry", "pk": 249, "fields": {"action_time": "2022-09-23T08:52:40.751Z", "user": 1, "content_type": 9, "object_id": "180", "object_repr": "Anjnish Project-G Active Python : Himanshu 2022-09-21 08:52:33+00:00 3", "action_flag": 1, "change_message": "[{\"added\": {}}]"}}, {"model": "admin.logentry", "pk": 250, "fields": {"action_time": "2022-09-23T08:53:02.686Z", "user": 1, "content_type": 9, "object_id": "181", "object_repr": "Pulkit Project-I Active Python : Himanshu 2022-09-22 08:52:44+00:00 5", "action_flag": 1, "change_message": "[{\"added\": {}}]"}}, {"model": "admin.logentry", "pk": 251, "fields": {"action_time": "2022-09-23T08:53:20.052Z", "user": 1, "content_type": 9, "object_id": "182", "object_repr": "Jahnavi Project-H Active Python : Himanshu 2022-09-22 08:53:10+00:00 3", "action_flag": 1, "change_message": "[{\"added\": {}}]"}}, {"model": "admin.logentry", "pk": 252, "fields": {"action_time": "2022-09-23T08:53:46.332Z", "user": 1, "content_type": 9, "object_id": "183", "object_repr": "Sakshi Project-E Active Drupal : Himanshu 2022-09-22 08:53:36+00:00 4", "action_flag": 1, "change_message": "[{\"added\": {}}]"}}, {"model": "admin.logentry", "pk": 253, "fields": {"action_time": "2022-09-23T08:53:58.422Z", "user": 1, "content_type": 9, "object_id": "184", "object_repr": "Payal Project-C Active Java : Nikita 2022-09-22 08:53:48+00:00 1", "action_flag": 1, "change_message": "[{\"added\": {}}]"}}, {"model": "admin.logentry", "pk": 254, "fields": {"action_time": "2022-09-23T08:54:10.631Z", "user": 1, "content_type": 9, "object_id": "185", "object_repr": "Hitendra Project-B Active Java : Nikita 2022-09-22 08:54:00+00:00 4", "action_flag": 1, "change_message": "[{\"added\": {}}]"}}, {"model": "admin.logentry", "pk": 255, "fields": {"action_time": "2022-09-23T08:54:21.656Z", "user": 1, "content_type": 9, "object_id": "186", "object_repr": "Nikita Project-A Active Java : Nikita 2022-09-22 08:54:13+00:00 3", "action_flag": 1, "change_message": "[{\"added\": {}}]"}}, {"model": "admin.logentry", "pk": 256, "fields": {"action_time": "2022-09-23T08:54:31.013Z", "user": 1, "content_type": 9, "object_id": "187", "object_repr": "Nikita Project-A Active Java : Nikita 2022-09-22 08:54:23+00:00 3", "action_flag": 1, "change_message": "[{\"added\": {}}]"}}, {"model": "admin.logentry", "pk": 257, "fields": {"action_time": "2022-09-23T08:54:38.678Z", "user": 1, "content_type": 9, "object_id": "188", "object_repr": "Bhuvesh Project-D Active Drupal : Himanshu 2022-09-22 08:54:32+00:00 5", "action_flag": 1, "change_message": "[{\"added\": {}}]"}}, {"model": "admin.logentry", "pk": 258, "fields": {"action_time": "2022-09-23T08:54:47.231Z", "user": 1, "content_type": 9, "object_id": "189", "object_repr": "Anjnish Project-G Active Python : Himanshu 2022-09-22 08:54:40+00:00 3", "action_flag": 1, "change_message": "[{\"added\": {}}]"}}, {"model": "admin.logentry", "pk": 259, "fields": {"action_time": "2022-09-23T08:54:57.164Z", "user": 1, "content_type": 9, "object_id": "190", "object_repr": "Pulkit Project-I Active Python : Himanshu 2022-09-23 08:54:48+00:00 5", "action_flag": 1, "change_message": "[{\"added\": {}}]"}}, {"model": "admin.logentry", "pk": 260, "fields": {"action_time": "2022-09-23T08:55:04.667Z", "user": 1, "content_type": 9, "object_id": "191", "object_repr": "Jahnavi Project-H Active Python : Himanshu 2022-09-23 08:54:58+00:00 1", "action_flag": 1, "change_message": "[{\"added\": {}}]"}}, {"model": "admin.logentry", "pk": 261, "fields": {"action_time": "2022-09-23T08:55:12.427Z", "user": 1, "content_type": 9, "object_id": "192", "object_repr": "Sakshi Project-E Active Drupal : Himanshu 2022-09-23 08:55:06+00:00 1", "action_flag": 1, "change_message": "[{\"added\": {}}]"}}, {"model": "admin.logentry", "pk": 262, "fields": {"action_time": "2022-09-23T08:55:27.085Z", "user": 1, "content_type": 9, "object_id": "193", "object_repr": "Payal Project-C Active Java : Nikita 2022-09-23 08:55:17+00:00 2", "action_flag": 1, "change_message": "[{\"added\": {}}]"}}, {"model": "admin.logentry", "pk": 263, "fields": {"action_time": "2022-09-23T08:55:34.800Z", "user": 1, "content_type": 9, "object_id": "194", "object_repr": "Hitendra Project-B Active Java : Nikita 2022-09-23 08:55:29+00:00 3", "action_flag": 1, "change_message": "[{\"added\": {}}]"}}, {"model": "admin.logentry", "pk": 264, "fields": {"action_time": "2022-09-23T08:56:27.655Z", "user": 1, "content_type": 9, "object_id": "195", "object_repr": "Nikita Project-A Active Java : Nikita 2022-09-23 08:56:16+00:00 2.55", "action_flag": 1, "change_message": "[{\"added\": {}}]"}}, {"model": "admin.logentry", "pk": 265, "fields": {"action_time": "2022-09-23T08:56:41.979Z", "user": 1, "content_type": 9, "object_id": "196", "object_repr": "Bhuvesh Project-D Active Drupal : Himanshu 2022-09-23 08:56:29+00:00 2.45", "action_flag": 1, "change_message": "[{\"added\": {}}]"}}, {"model": "admin.logentry", "pk": 266, "fields": {"action_time": "2022-09-23T08:56:52.375Z", "user": 1, "content_type": 9, "object_id": "197", "object_repr": "Anjnish Project-G Active Python : Himanshu 2022-09-23 08:56:43+00:00 3.50", "action_flag": 1, "change_message": "[{\"added\": {}}]"}}, {"model": "admin.logentry", "pk": 267, "fields": {"action_time": "2022-10-14T05:11:12.191Z", "user": 1, "content_type": 4, "object_id": "13", "object_repr": "Sai", "action_flag": 1, "change_message": "[{\"added\": {}}]"}}, {"model": "admin.logentry", "pk": 268, "fields": {"action_time": "2022-10-14T08:45:45.575Z", "user": 1, "content_type": 10, "object_id": "8", "object_repr": "ABC : Vipul", "action_flag": 3, "change_message": ""}}, {"model": "admin.logentry", "pk": 269, "fields": {"action_time": "2022-10-14T11:13:03.609Z", "user": 1, "content_type": 4, "object_id": "14", "object_repr": "Venu", "action_flag": 1, "change_message": "[{\"added\": {}}]"}}, {"model": "admin.logentry", "pk": 270, "fields": {"action_time": "2022-10-14T11:21:21.913Z", "user": 1, "content_type": 4, "object_id": "15", "object_repr": "Vishnu", "action_flag": 1, "change_message": "[{\"added\": {}}]"}}, {"model": "admin.logentry", "pk": 271, "fields": {"action_time": "2022-10-15T04:55:58.840Z", "user": 1, "content_type": 4, "object_id": "16", "object_repr": "Vishnu", "action_flag": 1, "change_message": "[{\"added\": {}}]"}}, {"model": "admin.logentry", "pk": 272, "fields": {"action_time": "2022-10-15T06:14:16.125Z", "user": 1, "content_type": 4, "object_id": "17", "object_repr": "Akhil", "action_flag": 1, "change_message": "[{\"added\": {}}]"}}, {"model": "admin.logentry", "pk": 273, "fields": {"action_time": "2022-10-15T08:14:20.535Z", "user": 1, "content_type": 4, "object_id": "18", "object_repr": "Ram", "action_flag": 1, "change_message": "[{\"added\": {}}]"}}, {"model": "admin.logentry", "pk": 274, "fields": {"action_time": "2022-10-17T10:15:05.113Z", "user": 1, "content_type": 9, "object_id": "198", "object_repr": "Jatin Dime Active Python : Pulkit 2022-10-10 10:14:20+00:00 4.5", "action_flag": 1, "change_message": "[{\"added\": {}}]"}}, {"model": "admin.logentry", "pk": 275, "fields": {"action_time": "2022-10-17T10:15:20.358Z", "user": 1, "content_type": 9, "object_id": "199", "object_repr": "Jatin Dime Active Python : Pulkit 2022-10-13 10:15:07+00:00 2.5", "action_flag": 1, "change_message": "[{\"added\": {}}]"}}, {"model": "admin.logentry", "pk": 276, "fields": {"action_time": "2022-10-17T10:16:12.367Z", "user": 1, "content_type": 9, "object_id": "200", "object_repr": "Jahnavi Project-H Active Python : Pulkit 2022-10-11 10:15:22+00:00 3.5", "action_flag": 1, "change_message": "[{\"added\": {}}]"}}, {"model": "admin.logentry", "pk": 277, "fields": {"action_time": "2022-10-17T10:16:37.535Z", "user": 1, "content_type": 9, "object_id": "201", "object_repr": "Jahnavi Project-H Active Python : Pulkit 2022-10-12 10:16:14+00:00 3.7", "action_flag": 1, "change_message": "[{\"added\": {}}]"}}, {"model": "admin.logentry", "pk": 278, "fields": {"action_time": "2022-10-17T10:16:53.785Z", "user": 1, "content_type": 9, "object_id": "202", "object_repr": "Pulkit Project-I Active Python : Pulkit 2022-10-12 10:16:39+00:00 5.5", "action_flag": 1, "change_message": "[{\"added\": {}}]"}}, {"model": "admin.logentry", "pk": 279, "fields": {"action_time": "2022-10-17T10:17:12.828Z", "user": 1, "content_type": 9, "object_id": "203", "object_repr": "Pulkit Project-I Active Python : Pulkit 2022-10-13 10:16:55+00:00 4.9", "action_flag": 1, "change_message": "[{\"added\": {}}]"}}, {"model": "admin.logentry", "pk": 280, "fields": {"action_time": "2022-11-05T11:02:47.858Z", "user": 1, "content_type": 4, "object_id": "3", "object_repr": "Jatin", "action_flag": 2, "change_message": "[{\"changed\": {\"fields\": [\"First name\", \"Last name\"]}}]"}}, {"model": "admin.logentry", "pk": 281, "fields": {"action_time": "2022-11-05T14:46:44.971Z", "user": 1, "content_type": 8, "object_id": "16", "object_repr": "Jatin Project-H Active Python : Pulkit", "action_flag": 1, "change_message": "[{\"added\": {}}]"}}, {"model": "admin.logentry", "pk": 282, "fields": {"action_time": "2022-11-05T14:48:10.376Z", "user": 1, "content_type": 9, "object_id": "204", "object_repr": "Jatin Dime Active Python : Pulkit 2022-10-24 14:47:02+00:00 3.5", "action_flag": 1, "change_message": "[{\"added\": {}}]"}}, {"model": "admin.logentry", "pk": 283, "fields": {"action_time": "2022-11-05T14:48:29.397Z", "user": 1, "content_type": 9, "object_id": "205", "object_repr": "Jatin Dime Active Python : Pulkit 2022-10-26 14:48:12+00:00 3.2", "action_flag": 1, "change_message": "[{\"added\": {}}]"}}, {"model": "admin.logentry", "pk": 284, "fields": {"action_time": "2022-11-05T14:48:50.305Z", "user": 1, "content_type": 9, "object_id": "206", "object_repr": "Jatin Dime Active Python : Pulkit 2022-10-28 14:48:34+00:00 1.5", "action_flag": 1, "change_message": "[{\"added\": {}}]"}}, {"model": "admin.logentry", "pk": 285, "fields": {"action_time": "2022-11-05T14:49:09.136Z", "user": 1, "content_type": 9, "object_id": "207", "object_repr": "Jatin Dime Active Python : Pulkit 2022-10-30 14:48:52+00:00 4.5", "action_flag": 1, "change_message": "[{\"added\": {}}]"}}, {"model": "admin.logentry", "pk": 286, "fields": {"action_time": "2022-11-05T14:49:26.332Z", "user": 1, "content_type": 9, "object_id": "208", "object_repr": "Jatin Project-H Active Python : Pulkit 2022-10-24 14:49:12+00:00 2.1", "action_flag": 1, "change_message": "[{\"added\": {}}]"}}, {"model": "admin.logentry", "pk": 287, "fields": {"action_time": "2022-11-05T14:49:46.601Z", "user": 1, "content_type": 9, "object_id": "209", "object_repr": "Jatin Project-H Active Python : Pulkit 2022-10-25 14:49:28+00:00 2.5", "action_flag": 1, "change_message": "[{\"added\": {}}]"}}, {"model": "admin.logentry", "pk": 288, "fields": {"action_time": "2022-11-05T14:50:13.804Z", "user": 1, "content_type": 9, "object_id": "210", "object_repr": "Jatin Project-H Active Python : Pulkit 2022-10-27 14:49:48+00:00 4.6", "action_flag": 1, "change_message": "[{\"added\": {}}]"}}, {"model": "admin.logentry", "pk": 289, "fields": {"action_time": "2022-11-05T14:50:31.255Z", "user": 1, "content_type": 9, "object_id": "211", "object_repr": "Jatin Dime Active Python : Pulkit 2022-11-02 14:50:17+00:00 2.6", "action_flag": 1, "change_message": "[{\"added\": {}}]"}}, {"model": "admin.logentry", "pk": 290, "fields": {"action_time": "2022-11-05T14:50:50.249Z", "user": 1, "content_type": 9, "object_id": "212", "object_repr": "Jatin Project-H Active Python : Pulkit 2022-11-03 14:50:33+00:00 3.6", "action_flag": 1, "change_message": "[{\"added\": {}}]"}}, {"model": "admin.logentry", "pk": 291, "fields": {"action_time": "2022-11-05T15:24:12.887Z", "user": 1, "content_type": 9, "object_id": "201", "object_repr": "Jahnavi Project-H Active Python : Pulkit 2022-10-12 10:16:14+00:00 3.55", "action_flag": 2, "change_message": "[{\"changed\": {\"fields\": [\"Daily hours\"]}}]"}}, {"model": "admin.logentry", "pk": 292, "fields": {"action_time": "2022-11-05T15:24:32.400Z", "user": 1, "content_type": 9, "object_id": "206", "object_repr": "Jatin Dime Active Python : Pulkit 2022-10-28 14:48:34+00:00 1.60", "action_flag": 2, "change_message": "[{\"changed\": {\"fields\": [\"Daily hours\"]}}]"}}, {"model": "admin.logentry", "pk": 293, "fields": {"action_time": "2022-11-05T15:24:41.179Z", "user": 1, "content_type": 9, "object_id": "208", "object_repr": "Jatin Project-H Active Python : Pulkit 2022-10-24 14:49:12+00:00 2.25", "action_flag": 2, "change_message": "[{\"changed\": {\"fields\": [\"Daily hours\"]}}]"}}, {"model": "admin.logentry", "pk": 294, "fields": {"action_time": "2022-11-07T07:42:14.568Z", "user": 1, "content_type": 9, "object_id": "215", "object_repr": "Jatin Project-I Active Python : Vipul 2022-11-06 09:19:59.737521+00:00 3.55", "action_flag": 3, "change_message": ""}}, {"model": "admin.logentry", "pk": 295, "fields": {"action_time": "2022-11-07T07:42:14.578Z", "user": 1, "content_type": 9, "object_id": "214", "object_repr": "Jatin Project-H Active Python : Vipul 2022-11-06 09:11:40.508316+00:00 3.55", "action_flag": 3, "change_message": ""}}, {"model": "admin.logentry", "pk": 296, "fields": {"action_time": "2022-11-07T07:42:14.586Z", "user": 1, "content_type": 9, "object_id": "213", "object_repr": "Jatin Dime Active Python : Vipul 2022-11-05 21:15:50.119879+00:00 3.55", "action_flag": 3, "change_message": ""}}, {"model": "admin.logentry", "pk": 297, "fields": {"action_time": "2022-11-07T07:42:14.594Z", "user": 1, "content_type": 9, "object_id": "212", "object_repr": "Jatin Project-H Active Python : Vipul 2022-11-03 14:50:33+00:00 3.60", "action_flag": 3, "change_message": ""}}, {"model": "admin.logentry", "pk": 298, "fields": {"action_time": "2022-11-07T07:42:14.601Z", "user": 1, "content_type": 9, "object_id": "211", "object_repr": "Jatin Dime Active Python : Vipul 2022-11-02 14:50:17+00:00 2.60", "action_flag": 3, "change_message": ""}}, {"model": "admin.logentry", "pk": 299, "fields": {"action_time": "2022-11-07T12:26:20.088Z", "user": 1, "content_type": 9, "object_id": "216", "object_repr": "Jatin Dime Active Python : Vipul 2022-10-31 10:24:40+00:00 5.30", "action_flag": 1, "change_message": "[{\"added\": {}}]"}}, {"model": "admin.logentry", "pk": 300, "fields": {"action_time": "2022-11-07T12:27:40.295Z", "user": 1, "content_type": 9, "object_id": "217", "object_repr": "Jatin Dime Active Python : Vipul 2022-11-01 12:26:20+00:00 6.02", "action_flag": 1, "change_message": "[{\"added\": {}}]"}}, {"model": "admin.logentry", "pk": 301, "fields": {"action_time": "2022-11-07T12:28:11.856Z", "user": 1, "content_type": 9, "object_id": "218", "object_repr": "Jatin Dime Active Python : Vipul 2022-11-02 11:27:40+00:00 6.01", "action_flag": 1, "change_message": "[{\"added\": {}}]"}}, {"model": "admin.logentry", "pk": 302, "fields": {"action_time": "2022-11-07T12:30:24.793Z", "user": 1, "content_type": 9, "object_id": "218", "object_repr": "Jatin Dime Active Python : Vipul 2022-11-03 11:27:40+00:00 6.26", "action_flag": 2, "change_message": "[{\"changed\": {\"fields\": [\"Daily hours\", \"Daily report\", \"Date\"]}}]"}}, {"model": "admin.logentry", "pk": 303, "fields": {"action_time": "2022-11-07T12:30:53.429Z", "user": 1, "content_type": 9, "object_id": "218", "object_repr": "Jatin Dime Active Python : Vipul 2022-11-03 11:27:40+00:00 6.26", "action_flag": 2, "change_message": "[]"}}, {"model": "admin.logentry", "pk": 304, "fields": {"action_time": "2022-11-07T12:31:47.321Z", "user": 1, "content_type": 9, "object_id": "219", "object_repr": "Jatin Dime Active Python : Vipul 2022-11-02 12:30:53+00:00 6.20", "action_flag": 1, "change_message": "[{\"added\": {}}]"}}, {"model": "admin.logentry", "pk": 305, "fields": {"action_time": "2022-11-07T12:34:19.569Z", "user": 1, "content_type": 9, "object_id": "220", "object_repr": "Jatin Dime Active Python : Vipul 2022-11-04 12:31:47+00:00 4.00", "action_flag": 1, "change_message": "[{\"added\": {}}]"}}, {"model": "admin.logentry", "pk": 306, "fields": {"action_time": "2022-11-07T12:34:38.841Z", "user": 1, "content_type": 9, "object_id": "221", "object_repr": "Jatin Dime Active Python : Vipul 2022-11-05 12:34:19+00:00 6.00", "action_flag": 1, "change_message": "[{\"added\": {}}]"}}, {"model": "admin.logentry", "pk": 307, "fields": {"action_time": "2022-11-07T12:40:20.341Z", "user": 1, "content_type": 9, "object_id": "222", "object_repr": "Jatin Dime Active Python : Vipul 2022-11-06 12:39:52+00:00 6.05", "action_flag": 1, "change_message": "[{\"added\": {}}]"}}, {"model": "admin.logentry", "pk": 308, "fields": {"action_time": "2022-11-07T12:43:06.326Z", "user": 1, "content_type": 9, "object_id": "222", "object_repr": "Jatin Dime Active Python : Vipul 2022-11-06 12:39:52+00:00 10.06", "action_flag": 2, "change_message": "[{\"changed\": {\"fields\": [\"Daily hours\"]}}]"}}, {"model": "admin.logentry", "pk": 309, "fields": {"action_time": "2022-11-07T12:46:19.845Z", "user": 1, "content_type": 9, "object_id": "223", "object_repr": "Anjnish Project-G Active Python : Vipul 2022-10-31 12:45:25+00:00 6.25", "action_flag": 1, "change_message": "[{\"added\": {}}]"}}, {"model": "admin.logentry", "pk": 310, "fields": {"action_time": "2022-11-07T12:46:58.219Z", "user": 1, "content_type": 9, "object_id": "224", "object_repr": "Anjnish Project-G Active Python : Vipul 2022-11-01 12:46:19+00:00 7.30", "action_flag": 1, "change_message": "[{\"added\": {}}]"}}, {"model": "admin.logentry", "pk": 311, "fields": {"action_time": "2022-11-07T12:47:49.723Z", "user": 1, "content_type": 9, "object_id": "225", "object_repr": "Pulkit Project-I Active Python : Vipul 2022-10-31 12:46:58+00:00 7.06", "action_flag": 1, "change_message": "[{\"added\": {}}]"}}, {"model": "admin.logentry", "pk": 312, "fields": {"action_time": "2022-11-08T08:22:13.400Z", "user": 1, "content_type": 9, "object_id": "226", "object_repr": "Jahnavi Project-H Active Python : Vipul 2022-09-08 08:21:37+00:00 6", "action_flag": 1, "change_message": "[{\"added\": {}}]"}}, {"model": "admin.logentry", "pk": 313, "fields": {"action_time": "2022-11-08T08:22:46.062Z", "user": 1, "content_type": 9, "object_id": "226", "object_repr": "Jahnavi Project-H Active Python : Vipul 2022-10-31 08:21:37+00:00 6.00", "action_flag": 2, "change_message": "[{\"changed\": {\"fields\": [\"Date\"]}}]"}}, {"model": "admin.logentry", "pk": 314, "fields": {"action_time": "2022-11-08T08:23:25.877Z", "user": 1, "content_type": 9, "object_id": "227", "object_repr": "Jahnavi Project-H Active Python : Vipul 2022-11-01 08:22:53+00:00 8", "action_flag": 1, "change_message": "[{\"added\": {}}]"}}, {"model": "admin.logentry", "pk": 315, "fields": {"action_time": "2022-11-08T09:29:07.770Z", "user": 1, "content_type": 9, "object_id": "228", "object_repr": "Jahnavi Project-H Active Python : Vipul 2022-11-02 09:28:37+00:00 5", "action_flag": 1, "change_message": "[{\"added\": {}}]"}}, {"model": "admin.logentry", "pk": 316, "fields": {"action_time": "2022-11-08T09:29:46.377Z", "user": 1, "content_type": 9, "object_id": "229", "object_repr": "Jahnavi Project-H Active Python : Vipul 2022-11-03 09:29:07+00:00 6", "action_flag": 1, "change_message": "[{\"added\": {}}]"}}, {"model": "admin.logentry", "pk": 317, "fields": {"action_time": "2022-11-08T09:30:08.422Z", "user": 1, "content_type": 9, "object_id": "230", "object_repr": "Jahnavi Project-H Active Python : Vipul 2022-11-04 09:29:46+00:00 7", "action_flag": 1, "change_message": "[{\"added\": {}}]"}}, {"model": "admin.logentry", "pk": 318, "fields": {"action_time": "2022-11-08T09:30:35.967Z", "user": 1, "content_type": 9, "object_id": "231", "object_repr": "Jahnavi Project-H Active Python : Vipul 2022-11-05 09:30:08+00:00 8", "action_flag": 1, "change_message": "[{\"added\": {}}]"}}, {"model": "admin.logentry", "pk": 319, "fields": {"action_time": "2022-11-08T09:31:40.019Z", "user": 1, "content_type": 7, "object_id": "4", "object_repr": "Bestrox Active Python : Vipul", "action_flag": 2, "change_message": "[{\"changed\": {\"fields\": [\"Status\"]}}]"}}, {"model": "admin.logentry", "pk": 320, "fields": {"action_time": "2022-11-08T09:32:20.242Z", "user": 1, "content_type": 9, "object_id": "232", "object_repr": "Vipul Bestrox Active Python : Vipul 2022-10-08 09:31:46+00:00 8", "action_flag": 1, "change_message": "[{\"added\": {}}]"}}, {"model": "admin.logentry", "pk": 321, "fields": {"action_time": "2022-11-08T09:32:50.485Z", "user": 1, "content_type": 9, "object_id": "233", "object_repr": "Vipul Bestrox Active Python : Vipul 2022-10-09 09:32:20+00:00 7", "action_flag": 1, "change_message": "[{\"added\": {}}]"}}, {"model": "admin.logentry", "pk": 322, "fields": {"action_time": "2022-11-08T09:33:14.679Z", "user": 1, "content_type": 7, "object_id": "4", "object_repr": "Bestrox Completed Python : Vipul", "action_flag": 2, "change_message": "[{\"changed\": {\"fields\": [\"Status\"]}}]"}}, {"model": "admin.logentry", "pk": 323, "fields": {"action_time": "2022-11-08T09:43:40.379Z", "user": 1, "content_type": 9, "object_id": "234", "object_repr": "Sakshi Project-E Active Drupal : Himanshu 2022-11-01 09:42:19+00:00 4", "action_flag": 1, "change_message": "[{\"added\": {}}]"}}, {"model": "admin.logentry", "pk": 324, "fields": {"action_time": "2022-11-08T09:50:25.850Z", "user": 1, "content_type": 9, "object_id": "235", "object_repr": "Hitendra Project-B Active Java : Nikita 2022-11-03 09:49:50+00:00 5", "action_flag": 1, "change_message": "[{\"added\": {}}]"}}, {"model": "admin.logentry", "pk": 325, "fields": {"action_time": "2022-11-08T11:05:01.777Z", "user": 1, "content_type": 9, "object_id": "236", "object_repr": "Nikita Project-A Active Java : Nikita 2022-11-05 09:50:26+00:00 6", "action_flag": 1, "change_message": "[{\"added\": {}}]"}}, {"model": "admin.logentry", "pk": 326, "fields": {"action_time": "2022-11-08T11:06:13.073Z", "user": 1, "content_type": 9, "object_id": "237", "object_repr": "Jatin Project-I Active Python : Vipul 2022-11-04 11:05:01+00:00 4", "action_flag": 1, "change_message": "[{\"added\": {}}]"}}, {"model": "admin.logentry", "pk": 327, "fields": {"action_time": "2022-11-08T11:06:46.131Z", "user": 1, "content_type": 9, "object_id": "238", "object_repr": "Payal Project-C Active Java : Nikita 2022-11-04 11:06:16+00:00 7", "action_flag": 1, "change_message": "[{\"added\": {}}]"}}, {"model": "admin.logentry", "pk": 328, "fields": {"action_time": "2022-11-08T11:07:26.855Z", "user": 1, "content_type": 9, "object_id": "239", "object_repr": "Sakshi Project-E Active Drupal : Himanshu 2022-11-05 11:06:46+00:00 5", "action_flag": 1, "change_message": "[{\"added\": {}}]"}}, {"model": "admin.logentry", "pk": 329, "fields": {"action_time": "2022-11-08T11:13:27.709Z", "user": 1, "content_type": 9, "object_id": "240", "object_repr": "Bhuvesh Project-D Active Drupal : Himanshu 2022-11-08 11:09:40+00:00 4", "action_flag": 1, "change_message": "[{\"added\": {}}]"}}, {"model": "admin.logentry", "pk": 330, "fields": {"action_time": "2022-11-08T11:13:52.356Z", "user": 1, "content_type": 9, "object_id": "240", "object_repr": "Bhuvesh Project-D Active Drupal : Himanshu 2022-11-07 11:09:40+00:00 4.00", "action_flag": 2, "change_message": "[{\"changed\": {\"fields\": [\"Daily report\", \"Date\"]}}]"}}, {"model": "admin.logentry", "pk": 331, "fields": {"action_time": "2022-11-08T11:14:52.841Z", "user": 1, "content_type": 7, "object_id": "11", "object_repr": "Project-F Active MEAN : admin", "action_flag": 2, "change_message": "[]"}}, {"model": "admin.logentry", "pk": 332, "fields": {"action_time": "2022-11-08T11:32:20.421Z", "user": 1, "content_type": 9, "object_id": "241", "object_repr": "Jatin Dime Active Python : Vipul 2022-11-07 10:00:00+00:00 4.00", "action_flag": 3, "change_message": ""}}, {"model": "admin.logentry", "pk": 333, "fields": {"action_time": "2022-11-18T06:59:55.572Z", "user": 1, "content_type": 11, "object_id": "11", "object_repr": "Vipul Python : Vipul Manager", "action_flag": 2, "change_message": "[{\"changed\": {\"fields\": [\"Role\"]}}]"}}, {"model": "admin.logentry", "pk": 334, "fields": {"action_time": "2022-11-18T08:11:48.440Z", "user": 1, "content_type": 7, "object_id": "29", "object_repr": "Project-R Active Python : Vipul", "action_flag": 3, "change_message": ""}}, {"model": "admin.logentry", "pk": 335, "fields": {"action_time": "2022-11-18T08:11:48.449Z", "user": 1, "content_type": 7, "object_id": "28", "object_repr": "Project-R Active Python : Vipul", "action_flag": 3, "change_message": ""}}, {"model": "admin.logentry", "pk": 336, "fields": {"action_time": "2022-11-18T08:11:48.461Z", "user": 1, "content_type": 7, "object_id": "27", "object_repr": "Project-R Active Python : Vipul", "action_flag": 3, "change_message": ""}}, {"model": "admin.logentry", "pk": 337, "fields": {"action_time": "2022-11-18T08:11:48.470Z", "user": 1, "content_type": 7, "object_id": "26", "object_repr": "Project-R Active Python : Vipul", "action_flag": 3, "change_message": ""}}, {"model": "admin.logentry", "pk": 338, "fields": {"action_time": "2022-11-18T08:11:48.479Z", "user": 1, "content_type": 7, "object_id": "25", "object_repr": "Project-R Active Python : Vipul", "action_flag": 3, "change_message": ""}}, {"model": "admin.logentry", "pk": 339, "fields": {"action_time": "2022-11-21T10:31:49.480Z", "user": 1, "content_type": 4, "object_id": "5", "object_repr": "Vipul", "action_flag": 2, "change_message": "[{\"changed\": {\"fields\": [\"First name\", \"Last name\", \"Email address\"]}}]"}}, {"model": "auth.user", "pk": 1, "fields": {"password": "pbkdf2_sha256$390000$j9klas8uMkOmeRlIxFLHVa$NhwDGgujbZ8oLp6dOux/buixnsKif7SxYAavEA6D0M0=", "last_login": "2022-12-01T11:06:02.714Z", "is_superuser": true, "username": "admin", "first_name": "", "last_name": "", "email": "", "is_staff": true, "is_active": true, "date_joined": "2022-09-13T12:46:48.003Z", "groups": [], "user_permissions": []}}, {"model": "auth.user", "pk": 2, "fields": {"password": "pbkdf2_sha256$390000$qt3OLcAmOpYZvE90K8szqh$B24hDwD4k4hfy+UFFpAKIdAE5fCuLeyrdvhhtz2LHGg=", "last_login": null, "is_superuser": false, "username": "Jahnavi", "first_name": "", "last_name": "", "email": "", "is_staff": false, "is_active": true, "date_joined": "2022-09-13T12:50:13Z", "groups": [], "user_permissions": []}}, {"model": "auth.user", "pk": 3, "fields": {"password": "pbkdf2_sha256$390000$iS9QjCkzFT3msw7caKLdF9$PMe9kgbMFJiSf1t64AdpZW4nbhHEAEkSk+i4zX4wpOQ=", "last_login": "2022-12-01T11:05:55.327Z", "is_superuser": false, "username": "Jatin", "first_name": "Jatin", "last_name": "Sikhwal", "email": "jatinsikhwalongraph@gmail.com", "is_staff": false, "is_active": true, "date_joined": "2022-09-13T12:51:13Z", "groups": [], "user_permissions": []}}, {"model": "auth.user", "pk": 4, "fields": {"password": "pbkdf2_sha256$390000$XkbTdM3NrSszjyHdmIxA9o$TKaDi4ipWwPZBPuK4HEzggG6A7eblFoKkH0/xCcSLqs=", "last_login": null, "is_superuser": false, "username": "Anjnish", "first_name": "", "last_name": "", "email": "", "is_staff": false, "is_active": true, "date_joined": "2022-09-13T12:51:50Z", "groups": [], "user_permissions": []}}, {"model": "auth.user", "pk": 5, "fields": {"password": "pbkdf2_sha256$390000$IWrsxmKN5ZCAYWNYyzPa8y$xWoqwoemWn22pGjjboNAN6fE3h/ueJYjFxMAEBOE/+s=", "last_login": "2022-11-29T07:30:59.023Z", "is_superuser": false, "username": "Vipul", "first_name": "Vipul", "last_name": "Shah", "email": "ashusharma48.as@gmail.com", "is_staff": false, "is_active": true, "date_joined": "2022-09-13T12:52:12Z", "groups": [], "user_permissions": []}}, {"model": "auth.user", "pk": 6, "fields": {"password": "pbkdf2_sha256$390000$wWmdlKprzz5Riqsdnn8kZi$Ha+bEgvGVi50U8eC8/C0mUo0/Dlv1QJbPgSUEB+1Uuc=", "last_login": "2022-11-07T05:32:00.308Z", "is_superuser": false, "username": "Pulkit", "first_name": "", "last_name": "", "email": "", "is_staff": false, "is_active": true, "date_joined": "2022-09-13T12:52:41Z", "groups": [], "user_permissions": []}}, {"model": "auth.user", "pk": 7, "fields": {"password": "pbkdf2_sha256$390000$F0MAi3LnmH1H8BviNZUq9F$eLflqeNp0JzKNkRIIKXGxN6L4YbIBJR3/XFY6olpd7M=", "last_login": null, "is_superuser": false, "username": "Payal", "first_name": "", "last_name": "", "email": "", "is_staff": false, "is_active": true, "date_joined": "2022-09-13T12:53:11Z", "groups": [], "user_permissions": []}}, {"model": "auth.user", "pk": 8, "fields": {"password": "pbkdf2_sha256$390000$9bEponx3FnYpYH1CuMDzMr$21W6r1Q8OKMTtLKp/ae0fzO6oeJScU0jr8iyMz3/2kY=", "last_login": null, "is_superuser": false, "username": "Hitendra", "first_name": "", "last_name": "", "email": "", "is_staff": false, "is_active": true, "date_joined": "2022-09-13T12:53:38Z", "groups": [], "user_permissions": []}}, {"model": "auth.user", "pk": 9, "fields": {"password": "pbkdf2_sha256$390000$NO2L0He82ERrfatQlOzE0w$N+Ze2JUX5l8S6ACx1jRo7H8j7b438pZS7YuBzEmS0Bs=", "last_login": "2022-11-06T12:09:59.015Z", "is_superuser": false, "username": "Himanshu", "first_name": "", "last_name": "", "email": "", "is_staff": false, "is_active": true, "date_joined": "2022-09-13T12:54:09Z", "groups": [], "user_permissions": []}}, {"model": "auth.user", "pk": 10, "fields": {"password": "pbkdf2_sha256$390000$FugChjRStPKJohdfkamAxJ$tkaDUPn3uda5TyRxM+v/lwXTEZpjW8UGfFD5Bjs71Fw=", "last_login": null, "is_superuser": false, "username": "Bhuvesh", "first_name": "", "last_name": "", "email": "", "is_staff": false, "is_active": true, "date_joined": "2022-09-13T12:54:49Z", "groups": [], "user_permissions": []}}, {"model": "auth.user", "pk": 11, "fields": {"password": "pbkdf2_sha256$390000$cuF5LX5X4ozWf9vTDZyUuV$4WR171ipC+OlEHuPmZWjfTs1HqW8oyT6XCYrfdUHJHo=", "last_login": null, "is_superuser": false, "username": "Sakshi", "first_name": "", "last_name": "", "email": "", "is_staff": false, "is_active": true, "date_joined": "2022-09-13T12:55:16Z", "groups": [], "user_permissions": []}}, {"model": "auth.user", "pk": 12, "fields": {"password": "pbkdf2_sha256$390000$WD3YYlMJLyCE5AkqKkdmAN$GLCwnQf08IOqv5YHz1LjwS6a1JMoEYftgMHhxz7cUp8=", "last_login": "2022-11-07T05:23:53.182Z", "is_superuser": false, "username": "Nikita", "first_name": "", "last_name": "", "email": "", "is_staff": false, "is_active": true, "date_joined": "2022-09-13T12:55:41Z", "groups": [], "user_permissions": []}}, {"model": "auth.user", "pk": 14, "fields": {"password": "pbkdf2_sha256$390000$Xl170HIuYANKxdaPmAMv3i$/N6FJdqju3CHblyF6zyOL471C/l8i8jbBHvywp2ApG4=", "last_login": null, "is_superuser": false, "username": "Venu", "first_name": "", "last_name": "", "email": "", "is_staff": false, "is_active": true, "date_joined": "2022-10-14T11:13:03.385Z", "groups": [], "user_permissions": []}}, {"model": "auth.user", "pk": 16, "fields": {"password": "pbkdf2_sha256$390000$9n6gESDlRphRF6vYQLxwUm$e5++dXRSJgMsbznzjG7SZN5CTtwtlO7QXi5032SqHJ4=", "last_login": null, "is_superuser": false, "username": "Vishnu", "first_name": "", "last_name": "", "email": "", "is_staff": false, "is_active": true, "date_joined": "2022-10-15T04:55:58.484Z", "groups": [], "user_permissions": []}}, {"model": "auth.user", "pk": 17, "fields": {"password": "pbkdf2_sha256$390000$6gp7MvZtVkIhiw2nsCEVcK$eFiZ5/e7UeECkuU9INrhwh0EEZ8k6D1Njf+rG/UzMus=", "last_login": null, "is_superuser": false, "username": "Akhil", "first_name": "", "last_name": "", "email": "", "is_staff": false, "is_active": true, "date_joined": "2022-10-15T06:14:15.771Z", "groups": [], "user_permissions": []}}, {"model": "auth.user", "pk": 18, "fields": {"password": "pbkdf2_sha256$390000$4dYOCj6F0UcsKC30msOkqu$pLMboaKSmeeGOXUT6Yd5fsASrVOvz6RL7ItrAkSTfqc=", "last_login": null, "is_superuser": false, "username": "Ram", "first_name": "", "last_name": "", "email": "", "is_staff": false, "is_active": true, "date_joined": "2022-10-15T08:14:20.395Z", "groups": [], "user_permissions": []}}, {"model": "sessions.session", "pk": "2v0t4vx8w7ciw8g7uyrodqwzt8rn9or3", "fields": {"session_data": ".eJxVjDsOwjAQBe_iGlleO45lSnrOYG32QwLIkeKkQtwdIqWA9s3Me5mC2zqWrclSJjZnA-b0uw1ID6k74DvW22xprusyDXZX7EGbvc4sz8vh_h2M2MZvTeokatbAIaZeGDoXyCuqcgLB3icX-8DZQ0KmrN2QJTklIOclQmfeH__tOGA:1obcRd:CALlDH4TWLTOxUgUEdwv9IhGZQRPu1yOYvpO9rxBJvI", "expire_date": "2022-10-07T06:45:53.062Z"}}, {"model": "sessions.session", "pk": "6jek24kl764g1x39w5hpjdjnn9ypcq5b", "fields": {"session_data": ".eJxVjMsOwiAQRf-FtSEtMjxcuu83kGEGpGogKe3K-O_apAvd3nPOfYmA21rC1tMSZhYXMYrT7xaRHqnugO9Yb01Sq-syR7kr8qBdTo3T83q4fwcFe_nWNo8esiN1tqwNADMYHCIQaYM5Ze1sJGeNAmcUISefYGDlDSMRZxbvD-1yON0:1p0HoA:a_KcsznUNcjF24DR9ijZrKYMln-m5x2dCuhrG98lmdM", "expire_date": "2022-12-14T07:47:06.915Z"}}, {"model": "sessions.session", "pk": "6l2v81fibg5doi8z3yjbvcasjkn8wqov", "fields": {"session_data": ".eJxVjMsOwiAQRf-FtSEtMjxcuu83kGEGpGogKe3K-O_apAvd3nPOfYmA21rC1tMSZhYXMYrT7xaRHqnugO9Yb01Sq-syR7kr8qBdTo3T83q4fwcFe_nWNo8esiN1tqwNADMYHCIQaYM5Ze1sJGeNAmcUISefYGDlDSMRZxbvD-1yON0:1p0hOE:1eZJx-hkcAytT4dEguoM6Qd4HtxJn-CiutwUnPKYLUI", "expire_date": "2022-12-15T11:06:02.722Z"}}, {"model": "sessions.session", "pk": "b3blpgc6kt28w4fk4np85sngjr50metg", "fields": {"session_data": ".eJxVjDsOwjAQBe_iGlleO45lSnrOYG32QwLIkeKkQtwdIqWA9s3Me5mC2zqWrclSJjZnA-b0uw1ID6k74DvW22xprusyDXZX7EGbvc4sz8vh_h2M2MZvTeokatbAIaZeGDoXyCuqcgLB3icX-8DZQ0KmrN2QJTklIOclQmfeH__tOGA:1oZAl1:ix4TA5tU2cO1XYrpVY91mBEm1beY4GbL8sRIr1CRbxk", "expire_date": "2022-09-30T12:47:47.865Z"}}, {"model": "sessions.session", "pk": "f6mo2m3aq1pt69ypjei9hqqgsojwxbq5", "fields": {"session_data": ".eJxVjEEOwiAQRe_C2hDKtGTGpXvPQAYGpGpoUtpV490NSRe6_e-9fyjP-1b83tLqZ1FXBeryuwWOr1Q7kCfXx6LjUrd1Dror-qRN3xdJ79vp_h0UbqXXSNEAJucQxAYXc8QJyPJIZhTIwVICO7AQDMyTY6RsCAkdm5yzU58v28Q3wg:1oseQu:ik06rdPkGi1b7_YcyU1P99YmyUNZEpUx5rlqPELcnSw", "expire_date": "2022-11-23T06:19:32.115Z"}}, {"model": "sessions.session", "pk": "gwub3g4d5vv6l042nfqfee8ged1lkesn", "fields": {"session_data": "e30:1oitCO:CW2pVk3rx1YgNOGplbiCP8FqXU7DHQzxL5nZgKBpg0g", "expire_date": "2022-10-27T08:04:12.607Z"}}, {"model": "sessions.session", "pk": "h9yiu5n2a46diqiqij765k7pwxfo19j7", "fields": {"session_data": ".eJxVjDsOwjAQBe_iGlleO45lSnrOYG32QwLIkeKkQtwdIqWA9s3Me5mC2zqWrclSJjZnA-b0uw1ID6k74DvW22xprusyDXZX7EGbvc4sz8vh_h2M2MZvTeokatbAIaZeGDoXyCuqcgLB3icX-8DZQ0KmrN2QJTklIOclQmfeH__tOGA:1oaAYl:RPJQ-ujtOIJtGkSVq1dUg8m8qu8I_tCmNPq3d3IFK4E", "expire_date": "2022-10-03T06:47:15Z"}}, {"model": "sessions.session", "pk": "jehictn77pqd8fz471av9m5fkpce6ken", "fields": {"session_data": ".eJxVjDsOwjAQBe_iGlleO45lSnrOYG32QwLIkeKkQtwdIqWA9s3Me5mC2zqWrclSJjZnA-b0uw1ID6k74DvW22xprusyDXZX7EGbvc4sz8vh_h2M2MZvTeokatbAIaZeGDoXyCuqcgLB3icX-8DZQ0KmrN2QJTklIOclQmfeH__tOGA:1oriXF:e0ryzMAjCJJ2jNmabQfbdpCM4dUsnHx1nOwcxUxTxFk", "expire_date": "2022-11-20T16:30:13.996Z"}}, {"model": "sessions.session", "pk": "jeo4s5hs0xy33eq3momkevfwfpolyksh", "fields": {"session_data": "e30:1oitZC:wsEzAaGzJVDZ2LvtTgrJEbXusRKjFjUYhSE8QwPugnw", "expire_date": "2022-10-27T08:27:46.243Z"}}, {"model": "sessions.session", "pk": "o9zhky7a9tkjo8zeyu2nbij5b28h1d1m", "fields": {"session_data": ".eJxVjEEOwiAQRe_C2hCg4KBL9z0DmTIzUjU0Ke3KeHfbpAvd_vfef6uE61LS2nhOI6mrsur0uw2Yn1x3QA-s90nnqS7zOOhd0Qdtup-IX7fD_Tso2MpWRxO6MzEIRkM2imdxF3bZEIuxEQSE0HUefEYWMBh8AMeyudGDIfX5AvRPOEE:1oY5Jt:1C_XdVc4Yp0ClA9HTlt5H_T4tGxzbtmsMwrOxAw-IAE", "expire_date": "2022-09-27T12:47:17.028Z"}}, {"model": "sessions.session", "pk": "pxfw349djzbitt7kij1tp2t5c8phg2r7", "fields": {"session_data": "e30:1oitC2:rG-Jfovgs7J6duzBxgI5Z0_Izt85FCFyHcCOkpSBpxA", "expire_date": "2022-10-27T08:03:50.160Z"}}, {"model": "sessions.session", "pk": "pywy8v4u99yt866jzzd0wbyxs36ju4ur", "fields": {"session_data": "e30:1oiuzL:Pb474f-0QGNCE6ykc3BVxMcSY3pKiRzW4sI62nkFQEw", "expire_date": "2022-10-27T09:58:51.454Z"}}, {"model": "sessions.session", "pk": "sq9ebxlhimjjxu6nkugw7bbnl97t6mt1", "fields": {"session_data": ".eJxVjEEOwiAQRe_C2hDKtGTGpXvPQAYGpGpoUtpV490NSRe6_e-9fyjP-1b83tLqZ1FXBeryuwWOr1Q7kCfXx6LjUrd1Dror-qRN3xdJ79vp_h0UbqXXSNEAJucQxAYXc8QJyPJIZhTIwVICO7AQDMyTY6RsCAkdm5yzU58v28Q3wg:1oYljF:ZCcZXBa32sYXy0cuhOGHRsfe75zPxQYQT4NcDTV2pu4", "expire_date": "2022-09-29T10:04:17.830Z"}}, {"model": "sessions.session", "pk": "tpachyboiqxkh8x6usceyhgv0v1q9d5r", "fields": {"session_data": ".eJxVjDkOwjAUBe_iGll2Ei-hpOcM1t9MAsiW4qRC3B0ipYD2zcx7qQTbOqWtyZJmVmdl1el3Q6CHlB3wHcqtaqplXWbUu6IP2vS1sjwvh_t3MEGbvjUO2Vi0AUXA-Ow6EtObzJ6iAxxEmLj3IYbRjpGQA5kROiuGOLBzVr0_Cbc4tw:1oyVrP:7ZGo8nJCPnk1WzebpzGKeNxz8d9s7RHJtn8u-HJavKI", "expire_date": "2022-12-09T10:23:07.746Z"}}, {"model": "sessions.session", "pk": "upm0awp1e7cqmmokob0ime45vuea2c35", "fields": {"session_data": "e30:1oit2r:MmdzT9cEBfgD6eU1M_hrtfcj0T_09Ua4Q02axQR23Xs", "expire_date": "2022-10-27T07:54:21.368Z"}}, {"model": "sessions.session", "pk": "urntwar6cw5y75nc0m05lxyj2ht9b06p", "fields": {"session_data": ".eJxVjMsOwiAQAP-FsyE8ukA9eu83NLssStVAUtqT8d-VpAe9zkzmJWbctzzvLa3zwuIsQJx-GWF8pNIF37Hcqoy1bOtCsifysE1OldPzcrR_g4wt960ZMahASusYkxuIODkCVKy1txD4ayyk0RmwzkWH5hoADHtC8ANq8f4A2Ls3Yg:1orvAf:BvjY1p6P3W480_nVipq6s02xt7qbNqCyT8cMcq40Iqw", "expire_date": "2022-11-21T05:59:45.665Z"}}, {"model": "employee.changepassword", "pk": 1, "fields": {"user": 5, "forgot_password_token": "f665ab9a-a7db-47e4-8345-1cc7ff361493", "created_at": "2022-11-28T11:06:18.372Z"}}, {"model": "adminn.teamandmanager", "pk": 1, "fields": {"name": "Python", "manager": 5}}, {"model": "adminn.teamandmanager", "pk": 2, "fields": {"name": "Java", "manager": 12}}, {"model": "adminn.teamandmanager", "pk": 3, "fields": {"name": "Drupal", "manager": 9}}, {"model": "adminn.teamandmanager", "pk": 4, "fields": {"name": "MEAN", "manager": 1}}, {"model": "adminn.teamandmanager", "pk": 27, "fields": {"name": "php", "manager": 3}}, {"model": "adminn.profile", "pk": 1, "fields": {"user": 4, "team": 1, "role": 1}}, {"model": "adminn.profile", "pk": 2, "fields": {"user": 10, "team": 3, "role": 1}}, {"model": "adminn.profile", "pk": 3, "fields": {"user": 9, "team": 3, "role": 1}}, {"model": "adminn.profile", "pk": 4, "fields": {"user": 8, "team": 2, "role": 1}}, {"model": "adminn.profile", "pk": 5, "fields": {"user": 2, "team": 1, "role": 1}}, {"model": "adminn.profile", "pk": 6, "fields": {"user": 3, "team": 1, "role": 2}}, {"model": "adminn.profile", "pk": 7, "fields": {"user": 12, "team": 2, "role": 2}}, {"model": "adminn.profile", "pk": 8, "fields": {"user": 7, "team": 2, "role": 1}}, {"model": "adminn.profile", "pk": 9, "fields": {"user": 6, "team": 1, "role": 1}}, {"model": "adminn.profile", "pk": 10, "fields": {"user": 11, "team": 3, "role": 1}}, {"model": "adminn.profile", "pk": 11, "fields": {"user": 5, "team": 1, "role": 2}}, {"model": "adminn.profile", "pk": 12, "fields": {"user": 1, "team": 4, "role": 3}}, {"model": "adminn.profile", "pk": 14, "fields": {"user": 14, "team": 2, "role": 1}}, {"model": "adminn.profile", "pk": 19, "fields": {"user": 6, "team": 1, "role": 1}}, {"model": "adminn.profile", "pk": 20, "fields": {"user": 6, "team": 1, "role": 1}}, {"model": "adminn.profile", "pk": 21, "fields": {"user": 6, "team": 1, "role": 1}}, {"model": "adminn.profile", "pk": 22, "fields": {"user": 6, "team": 1, "role": 1}}, {"model": "adminn.profile", "pk": 23, "fields": {"user": 6, "team": 1, "role": 1}}, {"model": "adminn.profile", "pk": 24, "fields": {"user": 6, "team": 1, "role": 1}}, {"model": "adminn.project", "pk": 1, "fields": {"name": "Dime", "start_date": "2022-08-24T13:32:06Z", "end_date": null, "status": 1, "team": 1, "description": "Dime is Cool"}}, {"model": "adminn.project", "pk": 2, "fields": {"name": "katamundi", "start_date": "2022-07-11T14:04:38Z", "end_date": null, "status": 2, "team": 1, "description": "katamundi"}}, {"model": "adminn.project", "pk": 3, "fields": {"name": "Basepin", "start_date": "2022-09-13T14:05:26Z", "end_date": null, "status": 2, "team": 2, "description": "basepin"}}, {"model": "adminn.project", "pk": 4, "fields": {"name": "Bestrox", "start_date": "2022-05-10T14:05:56Z", "end_date": "2022-08-09T14:06:41Z", "status": 3, "team": 1, "description": "bestrox"}}, {"model": "adminn.project", "pk": 5, "fields": {"name": "Apporto", "start_date": "2022-01-04T14:06:47Z", "end_date": "2022-09-06T00:00:00Z", "status": 3, "team": 3, "description": "Apporto"}}, {"model": "adminn.project", "pk": 6, "fields": {"name": "Project-A", "start_date": "2022-07-01T06:48:27Z", "end_date": null, "status": 1, "team": 2, "description": "asdfghjk"}}, {"model": "adminn.project", "pk": 7, "fields": {"name": "Project-B", "start_date": "2022-07-04T06:49:45Z", "end_date": null, "status": 1, "team": 2, "description": ""}}, {"model": "adminn.project", "pk": 8, "fields": {"name": "Project-C", "start_date": "2022-07-05T06:50:09Z", "end_date": null, "status": 1, "team": 2, "description": "sdrtghb"}}, {"model": "adminn.project", "pk": 9, "fields": {"name": "Project-D", "start_date": "2022-07-06T06:50:46Z", "end_date": null, "status": 1, "team": 3, "description": "qazxsw"}}, {"model": "adminn.project", "pk": 10, "fields": {"name": "Project-E", "start_date": "2022-07-07T06:51:07Z", "end_date": null, "status": 1, "team": 3, "description": "ijnbgt"}}, {"model": "adminn.project", "pk": 11, "fields": {"name": "Project-F", "start_date": "2022-07-08T06:51:28Z", "end_date": null, "status": 1, "team": 4, "description": "pl,"}}, {"model": "adminn.project", "pk": 12, "fields": {"name": "Project-G", "start_date": "2022-07-11T06:51:53Z", "end_date": null, "status": 1, "team": 1, "description": "ygv"}}, {"model": "adminn.project", "pk": 13, "fields": {"name": "Project-H", "start_date": "2022-09-19T06:52:16Z", "end_date": null, "status": 1, "team": 1, "description": "ijngtr"}}, {"model": "adminn.project", "pk": 17, "fields": {"name": "Project L", "start_date": "2022-11-08T11:23:50.036Z", "end_date": "2022-11-08T16:56:07.968Z", "status": 3, "team": 1, "description": "check "}}, {"model": "adminn.project", "pk": 18, "fields": {"name": "Project m", "start_date": "2022-11-18T07:01:29.949Z", "end_date": null, "status": 1, "team": 1, "description": "check "}}, {"model": "adminn.project", "pk": 19, "fields": {"name": "Project n", "start_date": "2022-11-18T07:01:46.011Z", "end_date": null, "status": 1, "team": 1, "description": ""}}, {"model": "adminn.project", "pk": 20, "fields": {"name": "Project o", "start_date": "2022-11-18T07:01:58.628Z", "end_date": null, "status": 1, "team": 1, "description": ""}}, {"model": "adminn.project", "pk": 21, "fields": {"name": "Project p", "start_date": "2022-11-18T07:02:07.694Z", "end_date": null, "status": 1, "team": 1, "description": ""}}, {"model": "adminn.project", "pk": 22, "fields": {"name": "Project q", "start_date": "2022-11-18T07:02:16.664Z", "end_date": null, "status": 1, "team": 1, "description": ""}}, {"model": "adminn.project", "pk": 23, "fields": {"name": "Project R", "start_date": "2022-11-18T07:59:08.083Z", "end_date": null, "status": 1, "team": 1, "description": "check"}}, {"model": "adminn.userproject", "pk": 1, "fields": {"user": 4, "project": 2}}, {"model": "adminn.userproject", "pk": 2, "fields": {"user": 3, "project": 1}}, {"model": "adminn.userproject", "pk": 3, "fields": {"user": 7, "project": 3}}, {"model": "adminn.userproject", "pk": 4, "fields": {"user": 5, "project": 4}}, {"model": "adminn.userproject", "pk": 5, "fields": {"user": 9, "project": 5}}, {"model": "adminn.userproject", "pk": 6, "fields": {"user": 10, "project": 5}}, {"model": "adminn.userproject", "pk": 7, "fields": {"user": 3, "project": 4}}, {"model": "adminn.userproject", "pk": 8, "fields": {"user": 4, "project": 12}}, {"model": "adminn.userproject", "pk": 9, "fields": {"user": 10, "project": 9}}, {"model": "adminn.userproject", "pk": 10, "fields": {"user": 12, "project": 6}}, {"model": "adminn.userproject", "pk": 11, "fields": {"user": 8, "project": 7}}, {"model": "adminn.userproject", "pk": 12, "fields": {"user": 7, "project": 8}}, {"model": "adminn.userproject", "pk": 13, "fields": {"user": 11, "project": 10}}, {"model": "adminn.userproject", "pk": 14, "fields": {"user": 2, "project": 13}}, {"model": "adminn.userproject", "pk": 16, "fields": {"user": 3, "project": 13}}, {"model": "adminn.userprojectprogress", "pk": 3, "fields": {"userproject": 2, "daily_hours": "6.30", "daily_report": "sadfg", "date": "2022-09-13T14:42:32Z"}}, {"model": "adminn.userprojectprogress", "pk": 4, "fields": {"userproject": 6, "daily_hours": "7.00", "daily_report": "gfd", "date": "2022-07-04T07:35:15Z"}}, {"model": "adminn.userprojectprogress", "pk": 5, "fields": {"userproject": 5, "daily_hours": "5.35", "daily_report": "jhgfds", "date": "2022-05-11T07:35:51Z"}}, {"model": "adminn.userprojectprogress", "pk": 6, "fields": {"userproject": 7, "daily_hours": "3.10", "daily_report": "qazxswedc", "date": "2022-08-31T07:37:16Z"}}, {"model": "adminn.userprojectprogress", "pk": 12, "fields": {"userproject": 14, "daily_hours": "2.00", "daily_report": "", "date": "2022-09-12T06:58:44Z"}}, {"model": "adminn.userprojectprogress", "pk": 13, "fields": {"userproject": 14, "daily_hours": "4.00", "daily_report": "", "date": "2022-09-13T06:59:25Z"}}, {"model": "adminn.userprojectprogress", "pk": 14, "fields": {"userproject": 14, "daily_hours": "3.30", "daily_report": "", "date": "2022-09-14T06:59:53Z"}}, {"model": "adminn.userprojectprogress", "pk": 15, "fields": {"userproject": 14, "daily_hours": "7.00", "daily_report": "", "date": "2022-09-14T07:00:12Z"}}, {"model": "adminn.userprojectprogress", "pk": 16, "fields": {"userproject": 14, "daily_hours": "8.00", "daily_report": "", "date": "2022-09-15T07:00:33Z"}}, {"model": "adminn.userprojectprogress", "pk": 17, "fields": {"userproject": 14, "daily_hours": "5.00", "daily_report": "", "date": "2022-09-16T07:00:45Z"}}, {"model": "adminn.userprojectprogress", "pk": 18, "fields": {"userproject": 13, "daily_hours": "8.00", "daily_report": "", "date": "2022-09-12T07:01:04Z"}}, {"model": "adminn.userprojectprogress", "pk": 19, "fields": {"userproject": 13, "daily_hours": "5.00", "daily_report": "", "date": "2022-09-13T07:01:24Z"}}, {"model": "adminn.userprojectprogress", "pk": 20, "fields": {"userproject": 13, "daily_hours": "4.00", "daily_report": "", "date": "2022-09-14T07:01:39Z"}}, {"model": "adminn.userprojectprogress", "pk": 21, "fields": {"userproject": 13, "daily_hours": "5.20", "daily_report": "", "date": "2022-09-15T07:01:53Z"}}, {"model": "adminn.userprojectprogress", "pk": 22, "fields": {"userproject": 13, "daily_hours": "6.00", "daily_report": "", "date": "2022-09-16T07:14:12Z"}}, {"model": "adminn.userprojectprogress", "pk": 23, "fields": {"userproject": 12, "daily_hours": "4.00", "daily_report": "", "date": "2022-09-12T07:14:24Z"}}, {"model": "adminn.userprojectprogress", "pk": 24, "fields": {"userproject": 12, "daily_hours": "6.40", "daily_report": "", "date": "2022-09-13T07:14:38Z"}}, {"model": "adminn.userprojectprogress", "pk": 25, "fields": {"userproject": 12, "daily_hours": "5.00", "daily_report": "", "date": "2022-09-14T07:14:50Z"}}, {"model": "adminn.userprojectprogress", "pk": 26, "fields": {"userproject": 12, "daily_hours": "7.00", "daily_report": "", "date": "2022-09-15T07:15:03Z"}}, {"model": "adminn.userprojectprogress", "pk": 27, "fields": {"userproject": 12, "daily_hours": "7.00", "daily_report": "", "date": "2022-09-16T07:15:15Z"}}, {"model": "adminn.userprojectprogress", "pk": 28, "fields": {"userproject": 11, "daily_hours": "8.00", "daily_report": "", "date": "2022-09-12T07:15:29Z"}}, {"model": "adminn.userprojectprogress", "pk": 29, "fields": {"userproject": 11, "daily_hours": "5.40", "daily_report": "", "date": "2022-09-13T07:16:10Z"}}, {"model": "adminn.userprojectprogress", "pk": 30, "fields": {"userproject": 11, "daily_hours": "5.00", "daily_report": "", "date": "2022-09-14T07:16:26Z"}}, {"model": "adminn.userprojectprogress", "pk": 31, "fields": {"userproject": 11, "daily_hours": "8.00", "daily_report": "", "date": "2022-09-15T07:16:38Z"}}, {"model": "adminn.userprojectprogress", "pk": 32, "fields": {"userproject": 11, "daily_hours": "7.00", "daily_report": "", "date": "2022-09-16T07:16:51Z"}}, {"model": "adminn.userprojectprogress", "pk": 33, "fields": {"userproject": 10, "daily_hours": "5.00", "daily_report": "", "date": "2022-09-13T07:17:02Z"}}, {"model": "adminn.userprojectprogress", "pk": 34, "fields": {"userproject": 10, "daily_hours": "8.00", "daily_report": "", "date": "2022-09-12T07:18:14Z"}}, {"model": "adminn.userprojectprogress", "pk": 35, "fields": {"userproject": 10, "daily_hours": "7.00", "daily_report": "", "date": "2022-09-14T07:18:30Z"}}, {"model": "adminn.userprojectprogress", "pk": 36, "fields": {"userproject": 10, "daily_hours": "6.00", "daily_report": "", "date": "2022-09-15T07:18:44Z"}}, {"model": "adminn.userprojectprogress", "pk": 37, "fields": {"userproject": 10, "daily_hours": "6.40", "daily_report": "", "date": "2022-09-16T07:18:56Z"}}, {"model": "adminn.userprojectprogress", "pk": 38, "fields": {"userproject": 9, "daily_hours": "8.00", "daily_report": "", "date": "2022-09-12T07:19:08Z"}}, {"model": "adminn.userprojectprogress", "pk": 39, "fields": {"userproject": 9, "daily_hours": "1.00", "daily_report": "", "date": "2022-09-13T07:19:20Z"}}, {"model": "adminn.userprojectprogress", "pk": 40, "fields": {"userproject": 9, "daily_hours": "2.00", "daily_report": "", "date": "2022-09-14T07:19:31Z"}}, {"model": "adminn.userprojectprogress", "pk": 41, "fields": {"userproject": 9, "daily_hours": "4.00", "daily_report": "", "date": "2022-09-15T07:19:48Z"}}, {"model": "adminn.userprojectprogress", "pk": 42, "fields": {"userproject": 9, "daily_hours": "5.00", "daily_report": "", "date": "2022-09-16T07:19:59Z"}}, {"model": "adminn.userprojectprogress", "pk": 43, "fields": {"userproject": 8, "daily_hours": "4.00", "daily_report": "", "date": "2022-09-12T07:20:30Z"}}, {"model": "adminn.userprojectprogress", "pk": 44, "fields": {"userproject": 8, "daily_hours": "7.00", "daily_report": "", "date": "2022-09-13T07:20:43Z"}}, {"model": "adminn.userprojectprogress", "pk": 45, "fields": {"userproject": 8, "daily_hours": "6.00", "daily_report": "", "date": "2022-09-14T07:20:56Z"}}, {"model": "adminn.userprojectprogress", "pk": 46, "fields": {"userproject": 8, "daily_hours": "7.00", "daily_report": "", "date": "2022-09-15T07:21:10Z"}}, {"model": "adminn.userprojectprogress", "pk": 47, "fields": {"userproject": 8, "daily_hours": "4.00", "daily_report": "", "date": "2022-09-16T07:21:21Z"}}, {"model": "adminn.userprojectprogress", "pk": 48, "fields": {"userproject": 2, "daily_hours": "9.00", "daily_report": "", "date": "2022-09-12T07:21:38Z"}}, {"model": "adminn.userprojectprogress", "pk": 49, "fields": {"userproject": 2, "daily_hours": "1.00", "daily_report": "", "date": "2022-09-13T07:21:57Z"}}, {"model": "adminn.userprojectprogress", "pk": 50, "fields": {"userproject": 2, "daily_hours": "4.00", "daily_report": "", "date": "2022-09-14T07:22:08Z"}}, {"model": "adminn.userprojectprogress", "pk": 51, "fields": {"userproject": 2, "daily_hours": "5.00", "daily_report": "", "date": "2022-09-15T07:22:18Z"}}, {"model": "adminn.userprojectprogress", "pk": 52, "fields": {"userproject": 2, "daily_hours": "3.00", "daily_report": "", "date": "2022-09-16T07:22:33Z"}}, {"model": "adminn.userprojectprogress", "pk": 56, "fields": {"userproject": 14, "daily_hours": "4.00", "daily_report": "", "date": "2022-09-08T08:19:32Z"}}, {"model": "adminn.userprojectprogress", "pk": 57, "fields": {"userproject": 14, "daily_hours": "7.00", "daily_report": "", "date": "2022-09-06T08:19:45Z"}}, {"model": "adminn.userprojectprogress", "pk": 58, "fields": {"userproject": 13, "daily_hours": "5.00", "daily_report": "", "date": "2022-09-08T08:19:59Z"}}, {"model": "adminn.userprojectprogress", "pk": 59, "fields": {"userproject": 13, "daily_hours": "4.00", "daily_report": "", "date": "2022-09-07T08:20:10Z"}}, {"model": "adminn.userprojectprogress", "pk": 60, "fields": {"userproject": 12, "daily_hours": "2.00", "daily_report": "", "date": "2022-09-06T08:20:23Z"}}, {"model": "adminn.userprojectprogress", "pk": 61, "fields": {"userproject": 12, "daily_hours": "6.00", "daily_report": "", "date": "2022-09-07T08:20:33Z"}}, {"model": "adminn.userprojectprogress", "pk": 62, "fields": {"userproject": 12, "daily_hours": "3.50", "daily_report": "", "date": "2022-09-08T08:23:27Z"}}, {"model": "adminn.userprojectprogress", "pk": 63, "fields": {"userproject": 11, "daily_hours": "6.00", "daily_report": "", "date": "2022-09-06T08:24:41Z"}}, {"model": "adminn.userprojectprogress", "pk": 64, "fields": {"userproject": 11, "daily_hours": "3.00", "daily_report": "", "date": "2022-09-07T08:24:54Z"}}, {"model": "adminn.userprojectprogress", "pk": 65, "fields": {"userproject": 11, "daily_hours": "2.00", "daily_report": "", "date": "2022-09-08T08:25:19Z"}}, {"model": "adminn.userprojectprogress", "pk": 66, "fields": {"userproject": 10, "daily_hours": "6.00", "daily_report": "", "date": "2022-09-06T08:25:38Z"}}, {"model": "adminn.userprojectprogress", "pk": 67, "fields": {"userproject": 10, "daily_hours": "1.00", "daily_report": "", "date": "2022-09-07T08:25:50Z"}}, {"model": "adminn.userprojectprogress", "pk": 68, "fields": {"userproject": 10, "daily_hours": "3.00", "daily_report": "", "date": "2022-09-08T08:26:00Z"}}, {"model": "adminn.userprojectprogress", "pk": 69, "fields": {"userproject": 9, "daily_hours": "6.00", "daily_report": "", "date": "2022-09-06T08:26:10Z"}}, {"model": "adminn.userprojectprogress", "pk": 70, "fields": {"userproject": 9, "daily_hours": "4.00", "daily_report": "", "date": "2022-09-07T08:26:23Z"}}, {"model": "adminn.userprojectprogress", "pk": 71, "fields": {"userproject": 9, "daily_hours": "7.00", "daily_report": "", "date": "2022-09-08T08:26:33Z"}}, {"model": "adminn.userprojectprogress", "pk": 72, "fields": {"userproject": 8, "daily_hours": "7.00", "daily_report": "", "date": "2022-09-06T08:26:43Z"}}, {"model": "adminn.userprojectprogress", "pk": 73, "fields": {"userproject": 8, "daily_hours": "7.00", "daily_report": "", "date": "2022-09-07T08:26:53Z"}}, {"model": "adminn.userprojectprogress", "pk": 74, "fields": {"userproject": 8, "daily_hours": "3.00", "daily_report": "", "date": "2022-09-08T08:27:08Z"}}, {"model": "adminn.userprojectprogress", "pk": 75, "fields": {"userproject": 14, "daily_hours": "4.00", "daily_report": "", "date": "2022-09-09T08:28:01Z"}}, {"model": "adminn.userprojectprogress", "pk": 77, "fields": {"userproject": 14, "daily_hours": "7.00", "daily_report": "", "date": "2022-09-09T08:28:23Z"}}, {"model": "adminn.userprojectprogress", "pk": 78, "fields": {"userproject": 12, "daily_hours": "4.00", "daily_report": "", "date": "2022-09-09T08:28:39Z"}}, {"model": "adminn.userprojectprogress", "pk": 79, "fields": {"userproject": 11, "daily_hours": "7.00", "daily_report": "", "date": "2022-09-09T08:28:50Z"}}, {"model": "adminn.userprojectprogress", "pk": 80, "fields": {"userproject": 13, "daily_hours": "7.00", "daily_report": "", "date": "2022-09-09T08:29:08Z"}}, {"model": "adminn.userprojectprogress", "pk": 81, "fields": {"userproject": 10, "daily_hours": "6.00", "daily_report": "", "date": "2022-09-09T08:29:27Z"}}, {"model": "adminn.userprojectprogress", "pk": 82, "fields": {"userproject": 9, "daily_hours": "1.00", "daily_report": "", "date": "2022-09-09T08:29:36Z"}}, {"model": "adminn.userprojectprogress", "pk": 83, "fields": {"userproject": 8, "daily_hours": "5.00", "daily_report": "", "date": "2022-09-09T08:29:50Z"}}, {"model": "adminn.userprojectprogress", "pk": 85, "fields": {"userproject": 14, "daily_hours": "6.00", "daily_report": "", "date": "2022-09-09T08:30:16Z"}}, {"model": "adminn.userprojectprogress", "pk": 86, "fields": {"userproject": 14, "daily_hours": "2.00", "daily_report": "", "date": "2022-09-10T08:30:31Z"}}, {"model": "adminn.userprojectprogress", "pk": 87, "fields": {"userproject": 13, "daily_hours": "7.00", "daily_report": "", "date": "2022-09-10T08:30:41Z"}}, {"model": "adminn.userprojectprogress", "pk": 88, "fields": {"userproject": 12, "daily_hours": "7.00", "daily_report": "", "date": "2022-09-10T08:30:53Z"}}, {"model": "adminn.userprojectprogress", "pk": 89, "fields": {"userproject": 11, "daily_hours": "1.00", "daily_report": "", "date": "2022-09-10T08:31:02Z"}}, {"model": "adminn.userprojectprogress", "pk": 90, "fields": {"userproject": 10, "daily_hours": "4.00", "daily_report": "", "date": "2022-09-10T08:31:12Z"}}, {"model": "adminn.userprojectprogress", "pk": 91, "fields": {"userproject": 9, "daily_hours": "3.00", "daily_report": "", "date": "2022-09-10T08:31:23Z"}}, {"model": "adminn.userprojectprogress", "pk": 92, "fields": {"userproject": 8, "daily_hours": "1.00", "daily_report": "", "date": "2022-09-10T08:31:34Z"}}, {"model": "adminn.userprojectprogress", "pk": 94, "fields": {"userproject": 14, "daily_hours": "6.00", "daily_report": "", "date": "2022-09-11T08:32:28Z"}}, {"model": "adminn.userprojectprogress", "pk": 95, "fields": {"userproject": 13, "daily_hours": "1.00", "daily_report": "", "date": "2022-09-11T08:32:38Z"}}, {"model": "adminn.userprojectprogress", "pk": 96, "fields": {"userproject": 12, "daily_hours": "3.00", "daily_report": "", "date": "2022-09-11T08:32:45Z"}}, {"model": "adminn.userprojectprogress", "pk": 97, "fields": {"userproject": 11, "daily_hours": "3.45", "daily_report": "", "date": "2022-09-11T08:32:54Z"}}, {"model": "adminn.userprojectprogress", "pk": 98, "fields": {"userproject": 10, "daily_hours": "3.40", "daily_report": "", "date": "2022-09-11T08:33:07Z"}}, {"model": "adminn.userprojectprogress", "pk": 99, "fields": {"userproject": 9, "daily_hours": "7.00", "daily_report": "", "date": "2022-09-11T08:33:24Z"}}, {"model": "adminn.userprojectprogress", "pk": 100, "fields": {"userproject": 8, "daily_hours": "2.00", "daily_report": "", "date": "2022-09-11T08:33:36Z"}}, {"model": "adminn.userprojectprogress", "pk": 102, "fields": {"userproject": 14, "daily_hours": "5.00", "daily_report": "", "date": "2022-09-12T08:34:02Z"}}, {"model": "adminn.userprojectprogress", "pk": 103, "fields": {"userproject": 13, "daily_hours": "5.00", "daily_report": "", "date": "2022-09-12T08:34:37Z"}}, {"model": "adminn.userprojectprogress", "pk": 104, "fields": {"userproject": 12, "daily_hours": "2.00", "daily_report": "", "date": "2022-09-12T08:34:54Z"}}, {"model": "adminn.userprojectprogress", "pk": 105, "fields": {"userproject": 11, "daily_hours": "7.00", "daily_report": "", "date": "2022-09-12T08:35:04Z"}}, {"model": "adminn.userprojectprogress", "pk": 106, "fields": {"userproject": 10, "daily_hours": "6.20", "daily_report": "", "date": "2022-09-12T08:35:15Z"}}, {"model": "adminn.userprojectprogress", "pk": 107, "fields": {"userproject": 9, "daily_hours": "2.55", "daily_report": "", "date": "2022-09-12T08:35:30Z"}}, {"model": "adminn.userprojectprogress", "pk": 108, "fields": {"userproject": 8, "daily_hours": "3.50", "daily_report": "", "date": "2022-09-12T08:35:47Z"}}, {"model": "adminn.userprojectprogress", "pk": 110, "fields": {"userproject": 14, "daily_hours": "1.50", "daily_report": "", "date": "2022-09-13T08:36:52Z"}}, {"model": "adminn.userprojectprogress", "pk": 111, "fields": {"userproject": 13, "daily_hours": "2.00", "daily_report": "", "date": "2022-09-13T08:37:07Z"}}, {"model": "adminn.userprojectprogress", "pk": 112, "fields": {"userproject": 12, "daily_hours": "5.25", "daily_report": "", "date": "2022-09-13T08:37:18Z"}}, {"model": "adminn.userprojectprogress", "pk": 113, "fields": {"userproject": 11, "daily_hours": "6.00", "daily_report": "", "date": "2022-09-13T08:37:55Z"}}, {"model": "adminn.userprojectprogress", "pk": 114, "fields": {"userproject": 10, "daily_hours": "1.00", "daily_report": "", "date": "2022-09-13T08:38:11Z"}}, {"model": "adminn.userprojectprogress", "pk": 115, "fields": {"userproject": 9, "daily_hours": "5.45", "daily_report": "", "date": "2022-09-13T08:38:27Z"}}, {"model": "adminn.userprojectprogress", "pk": 116, "fields": {"userproject": 8, "daily_hours": "4.50", "daily_report": "", "date": "2022-09-13T08:38:48Z"}}, {"model": "adminn.userprojectprogress", "pk": 118, "fields": {"userproject": 14, "daily_hours": "3.00", "daily_report": "", "date": "2022-09-14T08:39:16Z"}}, {"model": "adminn.userprojectprogress", "pk": 119, "fields": {"userproject": 13, "daily_hours": "6.00", "daily_report": "", "date": "2022-09-14T08:39:36Z"}}, {"model": "adminn.userprojectprogress", "pk": 120, "fields": {"userproject": 12, "daily_hours": "1.00", "daily_report": "", "date": "2022-09-14T08:39:51Z"}}, {"model": "adminn.userprojectprogress", "pk": 121, "fields": {"userproject": 11, "daily_hours": "7.00", "daily_report": "", "date": "2022-09-14T08:40:01Z"}}, {"model": "adminn.userprojectprogress", "pk": 122, "fields": {"userproject": 10, "daily_hours": "2.00", "daily_report": "", "date": "2022-09-14T08:40:13Z"}}, {"model": "adminn.userprojectprogress", "pk": 123, "fields": {"userproject": 9, "daily_hours": "3.55", "daily_report": "", "date": "2022-09-14T08:40:23Z"}}, {"model": "adminn.userprojectprogress", "pk": 124, "fields": {"userproject": 8, "daily_hours": "6.45", "daily_report": "", "date": "2022-09-14T08:40:39Z"}}, {"model": "adminn.userprojectprogress", "pk": 126, "fields": {"userproject": 14, "daily_hours": "7.00", "daily_report": "", "date": "2022-09-15T08:41:21Z"}}, {"model": "adminn.userprojectprogress", "pk": 127, "fields": {"userproject": 13, "daily_hours": "2.55", "daily_report": "", "date": "2022-09-15T08:41:34Z"}}, {"model": "adminn.userprojectprogress", "pk": 128, "fields": {"userproject": 12, "daily_hours": "2.20", "daily_report": "", "date": "2022-09-15T08:41:52Z"}}, {"model": "adminn.userprojectprogress", "pk": 129, "fields": {"userproject": 11, "daily_hours": "1.50", "daily_report": "", "date": "2022-09-15T08:42:06Z"}}, {"model": "adminn.userprojectprogress", "pk": 130, "fields": {"userproject": 10, "daily_hours": "7.00", "daily_report": "", "date": "2022-09-15T08:42:23Z"}}, {"model": "adminn.userprojectprogress", "pk": 131, "fields": {"userproject": 9, "daily_hours": "5.30", "daily_report": "", "date": "2022-09-15T08:42:33Z"}}, {"model": "adminn.userprojectprogress", "pk": 132, "fields": {"userproject": 8, "daily_hours": "1.00", "daily_report": "", "date": "2022-09-15T08:43:10Z"}}, {"model": "adminn.userprojectprogress", "pk": 134, "fields": {"userproject": 14, "daily_hours": "1.00", "daily_report": "", "date": "2022-09-16T08:43:29Z"}}, {"model": "adminn.userprojectprogress", "pk": 135, "fields": {"userproject": 13, "daily_hours": "5.00", "daily_report": "", "date": "2022-09-16T08:44:00Z"}}, {"model": "adminn.userprojectprogress", "pk": 136, "fields": {"userproject": 12, "daily_hours": "3.50", "daily_report": "", "date": "2022-09-16T08:44:11Z"}}, {"model": "adminn.userprojectprogress", "pk": 137, "fields": {"userproject": 11, "daily_hours": "4.00", "daily_report": "", "date": "2022-09-16T08:44:24Z"}}, {"model": "adminn.userprojectprogress", "pk": 138, "fields": {"userproject": 10, "daily_hours": "1.00", "daily_report": "", "date": "2022-09-16T08:44:36Z"}}, {"model": "adminn.userprojectprogress", "pk": 139, "fields": {"userproject": 9, "daily_hours": "7.00", "daily_report": "", "date": "2022-09-16T08:44:57Z"}}, {"model": "adminn.userprojectprogress", "pk": 140, "fields": {"userproject": 8, "daily_hours": "4.00", "daily_report": "", "date": "2022-09-16T08:45:06Z"}}, {"model": "adminn.userprojectprogress", "pk": 142, "fields": {"userproject": 14, "daily_hours": "4.00", "daily_report": "", "date": "2022-09-18T08:45:26Z"}}, {"model": "adminn.userprojectprogress", "pk": 143, "fields": {"userproject": 13, "daily_hours": "1.00", "daily_report": "", "date": "2022-09-17T08:45:44Z"}}, {"model": "adminn.userprojectprogress", "pk": 144, "fields": {"userproject": 12, "daily_hours": "1.00", "daily_report": "", "date": "2022-09-17T08:45:52Z"}}, {"model": "adminn.userprojectprogress", "pk": 145, "fields": {"userproject": 11, "daily_hours": "7.00", "daily_report": "", "date": "2022-09-17T08:46:04Z"}}, {"model": "adminn.userprojectprogress", "pk": 146, "fields": {"userproject": 10, "daily_hours": "2.00", "daily_report": "", "date": "2022-09-17T08:46:15Z"}}, {"model": "adminn.userprojectprogress", "pk": 147, "fields": {"userproject": 9, "daily_hours": "4.00", "daily_report": "", "date": "2022-09-17T08:46:29Z"}}, {"model": "adminn.userprojectprogress", "pk": 148, "fields": {"userproject": 8, "daily_hours": "5.00", "daily_report": "", "date": "2022-09-17T08:46:38Z"}}, {"model": "adminn.userprojectprogress", "pk": 150, "fields": {"userproject": 14, "daily_hours": "3.00", "daily_report": "", "date": "2022-09-18T08:46:56Z"}}, {"model": "adminn.userprojectprogress", "pk": 151, "fields": {"userproject": 13, "daily_hours": "3.00", "daily_report": "", "date": "2022-09-18T08:47:07Z"}}, {"model": "adminn.userprojectprogress", "pk": 152, "fields": {"userproject": 12, "daily_hours": "6.00", "daily_report": "", "date": "2022-09-18T08:47:15Z"}}, {"model": "adminn.userprojectprogress", "pk": 153, "fields": {"userproject": 11, "daily_hours": "6.00", "daily_report": "", "date": "2022-09-18T08:47:26Z"}}, {"model": "adminn.userprojectprogress", "pk": 154, "fields": {"userproject": 10, "daily_hours": "2.00", "daily_report": "", "date": "2022-09-18T08:47:33Z"}}, {"model": "adminn.userprojectprogress", "pk": 155, "fields": {"userproject": 9, "daily_hours": "6.00", "daily_report": "", "date": "2022-09-18T08:47:41Z"}}, {"model": "adminn.userprojectprogress", "pk": 156, "fields": {"userproject": 8, "daily_hours": "4.00", "daily_report": "", "date": "2022-09-18T08:47:51Z"}}, {"model": "adminn.userprojectprogress", "pk": 158, "fields": {"userproject": 14, "daily_hours": "1.00", "daily_report": "", "date": "2022-09-19T08:48:10Z"}}, {"model": "adminn.userprojectprogress", "pk": 159, "fields": {"userproject": 13, "daily_hours": "6.00", "daily_report": "", "date": "2022-09-19T08:48:24Z"}}, {"model": "adminn.userprojectprogress", "pk": 160, "fields": {"userproject": 12, "daily_hours": "4.25", "daily_report": "", "date": "2022-09-19T08:48:33Z"}}, {"model": "adminn.userprojectprogress", "pk": 161, "fields": {"userproject": 11, "daily_hours": "6.00", "daily_report": "", "date": "2022-09-19T08:49:02Z"}}, {"model": "adminn.userprojectprogress", "pk": 162, "fields": {"userproject": 10, "daily_hours": "6.00", "daily_report": "", "date": "2022-09-19T08:49:11Z"}}, {"model": "adminn.userprojectprogress", "pk": 163, "fields": {"userproject": 9, "daily_hours": "2.00", "daily_report": "", "date": "2022-09-19T08:49:24Z"}}, {"model": "adminn.userprojectprogress", "pk": 164, "fields": {"userproject": 8, "daily_hours": "6.00", "daily_report": "", "date": "2022-09-19T08:49:34Z"}}, {"model": "adminn.userprojectprogress", "pk": 166, "fields": {"userproject": 14, "daily_hours": "1.00", "daily_report": "", "date": "2022-09-20T08:49:59Z"}}, {"model": "adminn.userprojectprogress", "pk": 167, "fields": {"userproject": 13, "daily_hours": "5.00", "daily_report": "", "date": "2022-09-20T08:50:11Z"}}, {"model": "adminn.userprojectprogress", "pk": 168, "fields": {"userproject": 12, "daily_hours": "5.00", "daily_report": "", "date": "2022-09-20T08:50:20Z"}}, {"model": "adminn.userprojectprogress", "pk": 169, "fields": {"userproject": 11, "daily_hours": "6.00", "daily_report": "", "date": "2022-09-20T08:50:30Z"}}, {"model": "adminn.userprojectprogress", "pk": 170, "fields": {"userproject": 10, "daily_hours": "6.00", "daily_report": "", "date": "2022-09-20T08:50:42Z"}}, {"model": "adminn.userprojectprogress", "pk": 171, "fields": {"userproject": 9, "daily_hours": "6.00", "daily_report": "", "date": "2022-09-20T08:50:51Z"}}, {"model": "adminn.userprojectprogress", "pk": 172, "fields": {"userproject": 8, "daily_hours": "1.00", "daily_report": "", "date": "2022-09-20T08:51:04Z"}}, {"model": "adminn.userprojectprogress", "pk": 174, "fields": {"userproject": 14, "daily_hours": "5.00", "daily_report": "", "date": "2022-09-21T08:51:29Z"}}, {"model": "adminn.userprojectprogress", "pk": 175, "fields": {"userproject": 13, "daily_hours": "5.55", "daily_report": "", "date": "2022-09-21T08:51:42Z"}}, {"model": "adminn.userprojectprogress", "pk": 176, "fields": {"userproject": 12, "daily_hours": "3.00", "daily_report": "", "date": "2022-09-21T08:51:55Z"}}, {"model": "adminn.userprojectprogress", "pk": 177, "fields": {"userproject": 11, "daily_hours": "1.00", "daily_report": "", "date": "2022-09-21T08:52:05Z"}}, {"model": "adminn.userprojectprogress", "pk": 178, "fields": {"userproject": 10, "daily_hours": "4.00", "daily_report": "", "date": "2022-09-21T08:52:15Z"}}, {"model": "adminn.userprojectprogress", "pk": 179, "fields": {"userproject": 9, "daily_hours": "4.00", "daily_report": "", "date": "2022-09-21T08:52:24Z"}}, {"model": "adminn.userprojectprogress", "pk": 180, "fields": {"userproject": 8, "daily_hours": "3.00", "daily_report": "", "date": "2022-09-21T08:52:33Z"}}, {"model": "adminn.userprojectprogress", "pk": 182, "fields": {"userproject": 14, "daily_hours": "3.00", "daily_report": "", "date": "2022-09-22T08:53:10Z"}}, {"model": "adminn.userprojectprogress", "pk": 183, "fields": {"userproject": 13, "daily_hours": "4.00", "daily_report": "", "date": "2022-09-22T08:53:36Z"}}, {"model": "adminn.userprojectprogress", "pk": 184, "fields": {"userproject": 12, "daily_hours": "1.00", "daily_report": "", "date": "2022-09-22T08:53:48Z"}}, {"model": "adminn.userprojectprogress", "pk": 185, "fields": {"userproject": 11, "daily_hours": "4.00", "daily_report": "", "date": "2022-09-22T08:54:00Z"}}, {"model": "adminn.userprojectprogress", "pk": 186, "fields": {"userproject": 10, "daily_hours": "3.00", "daily_report": "", "date": "2022-09-22T08:54:13Z"}}, {"model": "adminn.userprojectprogress", "pk": 187, "fields": {"userproject": 10, "daily_hours": "3.00", "daily_report": "", "date": "2022-09-22T08:54:23Z"}}, {"model": "adminn.userprojectprogress", "pk": 188, "fields": {"userproject": 9, "daily_hours": "5.00", "daily_report": "", "date": "2022-09-22T08:54:32Z"}}, {"model": "adminn.userprojectprogress", "pk": 189, "fields": {"userproject": 8, "daily_hours": "3.00", "daily_report": "", "date": "2022-09-22T08:54:40Z"}}, {"model": "adminn.userprojectprogress", "pk": 191, "fields": {"userproject": 14, "daily_hours": "1.00", "daily_report": "", "date": "2022-09-23T08:54:58Z"}}, {"model": "adminn.userprojectprogress", "pk": 192, "fields": {"userproject": 13, "daily_hours": "1.00", "daily_report": "", "date": "2022-09-23T08:55:06Z"}}, {"model": "adminn.userprojectprogress", "pk": 193, "fields": {"userproject": 12, "daily_hours": "2.00", "daily_report": "", "date": "2022-09-23T08:55:17Z"}}, {"model": "adminn.userprojectprogress", "pk": 194, "fields": {"userproject": 11, "daily_hours": "3.00", "daily_report": "", "date": "2022-09-23T08:55:29Z"}}, {"model": "adminn.userprojectprogress", "pk": 195, "fields": {"userproject": 10, "daily_hours": "2.55", "daily_report": "", "date": "2022-09-23T08:56:16Z"}}, {"model": "adminn.userprojectprogress", "pk": 196, "fields": {"userproject": 9, "daily_hours": "2.45", "daily_report": "", "date": "2022-09-23T08:56:29Z"}}, {"model": "adminn.userprojectprogress", "pk": 197, "fields": {"userproject": 8, "daily_hours": "3.50", "daily_report": "", "date": "2022-09-23T08:56:43Z"}}, {"model": "adminn.userprojectprogress", "pk": 198, "fields": {"userproject": 2, "daily_hours": "4.50", "daily_report": "", "date": "2022-10-10T10:14:20Z"}}, {"model": "adminn.userprojectprogress", "pk": 199, "fields": {"userproject": 2, "daily_hours": "2.50", "daily_report": "", "date": "2022-10-13T10:15:07Z"}}, {"model": "adminn.userprojectprogress", "pk": 200, "fields": {"userproject": 14, "daily_hours": "3.50", "daily_report": "", "date": "2022-10-11T10:15:22Z"}}, {"model": "adminn.userprojectprogress", "pk": 201, "fields": {"userproject": 14, "daily_hours": "3.55", "daily_report": "", "date": "2022-10-12T10:16:14Z"}}, {"model": "adminn.userprojectprogress", "pk": 204, "fields": {"userproject": 2, "daily_hours": "3.50", "daily_report": "", "date": "2022-10-24T14:47:02Z"}}, {"model": "adminn.userprojectprogress", "pk": 205, "fields": {"userproject": 2, "daily_hours": "3.20", "daily_report": "", "date": "2022-10-26T14:48:12Z"}}, {"model": "adminn.userprojectprogress", "pk": 206, "fields": {"userproject": 2, "daily_hours": "1.60", "daily_report": "", "date": "2022-10-28T14:48:34Z"}}, {"model": "adminn.userprojectprogress", "pk": 207, "fields": {"userproject": 2, "daily_hours": "4.50", "daily_report": "", "date": "2022-10-30T14:48:52Z"}}, {"model": "adminn.userprojectprogress", "pk": 208, "fields": {"userproject": 16, "daily_hours": "2.25", "daily_report": "", "date": "2022-10-24T14:49:12Z"}}, {"model": "adminn.userprojectprogress", "pk": 209, "fields": {"userproject": 16, "daily_hours": "2.50", "daily_report": "", "date": "2022-10-25T14:49:28Z"}}, {"model": "adminn.userprojectprogress", "pk": 210, "fields": {"userproject": 16, "daily_hours": "4.60", "daily_report": "", "date": "2022-10-27T14:49:48Z"}}, {"model": "adminn.userprojectprogress", "pk": 216, "fields": {"userproject": 2, "daily_hours": "5.30", "daily_report": "dime 5hrs 30 mins", "date": "2022-10-31T10:24:40Z"}}, {"model": "adminn.userprojectprogress", "pk": 217, "fields": {"userproject": 2, "daily_hours": "6.02", "daily_report": "dime 6hrs 2 mins", "date": "2022-11-01T12:26:20Z"}}, {"model": "adminn.userprojectprogress", "pk": 218, "fields": {"userproject": 2, "daily_hours": "6.26", "daily_report": "dime 6hrs 26 mins", "date": "2022-11-03T11:27:40Z"}}, {"model": "adminn.userprojectprogress", "pk": 219, "fields": {"userproject": 2, "daily_hours": "6.20", "daily_report": "dime 6 hrs 20mins", "date": "2022-11-02T12:30:53Z"}}, {"model": "adminn.userprojectprogress", "pk": 220, "fields": {"userproject": 2, "daily_hours": "4.00", "daily_report": "dime 4hrs", "date": "2022-11-04T12:31:47Z"}}, {"model": "adminn.userprojectprogress", "pk": 221, "fields": {"userproject": 2, "daily_hours": "6.00", "daily_report": "dime 6 hrs", "date": "2022-11-05T12:34:19Z"}}, {"model": "adminn.userprojectprogress", "pk": 222, "fields": {"userproject": 2, "daily_hours": "10.06", "daily_report": "dime  6hrs 5 min", "date": "2022-11-06T12:39:52Z"}}, {"model": "adminn.userprojectprogress", "pk": 223, "fields": {"userproject": 8, "daily_hours": "6.25", "daily_report": "project G  6hrs 25mins", "date": "2022-10-31T12:45:25Z"}}, {"model": "adminn.userprojectprogress", "pk": 224, "fields": {"userproject": 8, "daily_hours": "7.30", "daily_report": "project - G 7hrs 30mins", "date": "2022-11-01T12:46:19Z"}}, {"model": "adminn.userprojectprogress", "pk": 226, "fields": {"userproject": 14, "daily_hours": "6.00", "daily_report": "project H 6hrs", "date": "2022-10-31T08:21:37Z"}}, {"model": "adminn.userprojectprogress", "pk": 227, "fields": {"userproject": 14, "daily_hours": "8.00", "daily_report": "project H", "date": "2022-11-01T08:22:53Z"}}, {"model": "adminn.userprojectprogress", "pk": 228, "fields": {"userproject": 14, "daily_hours": "5.00", "daily_report": "jhanvi 5hrs", "date": "2022-11-02T09:28:37Z"}}, {"model": "adminn.userprojectprogress", "pk": 229, "fields": {"userproject": 14, "daily_hours": "6.00", "daily_report": "Project H 6hrs", "date": "2022-11-03T09:29:07Z"}}, {"model": "adminn.userprojectprogress", "pk": 230, "fields": {"userproject": 14, "daily_hours": "7.00", "daily_report": "Project H 7hrs", "date": "2022-11-04T09:29:46Z"}}, {"model": "adminn.userprojectprogress", "pk": 231, "fields": {"userproject": 14, "daily_hours": "8.00", "daily_report": "project H 8hrs", "date": "2022-11-05T09:30:08Z"}}, {"model": "adminn.userprojectprogress", "pk": 232, "fields": {"userproject": 4, "daily_hours": "8.00", "daily_report": "bestrox 8hrs", "date": "2022-10-08T09:31:46Z"}}, {"model": "adminn.userprojectprogress", "pk": 233, "fields": {"userproject": 4, "daily_hours": "7.00", "daily_report": "bestrox 7hrs", "date": "2022-10-09T09:32:20Z"}}, {"model": "adminn.userprojectprogress", "pk": 234, "fields": {"userproject": 13, "daily_hours": "4.00", "daily_report": "Project E 4hrs", "date": "2022-11-01T09:42:19Z"}}, {"model": "adminn.userprojectprogress", "pk": 235, "fields": {"userproject": 11, "daily_hours": "5.00", "daily_report": "project B 5 hrs", "date": "2022-11-03T09:49:50Z"}}, {"model": "adminn.userprojectprogress", "pk": 236, "fields": {"userproject": 10, "daily_hours": "6.00", "daily_report": "project A 6hrs", "date": "2022-11-05T09:50:26Z"}}, {"model": "adminn.userprojectprogress", "pk": 238, "fields": {"userproject": 12, "daily_hours": "7.00", "daily_report": "project C", "date": "2022-11-04T11:06:16Z"}}, {"model": "adminn.userprojectprogress", "pk": 239, "fields": {"userproject": 13, "daily_hours": "5.00", "daily_report": "Project E", "date": "2022-11-05T11:06:46Z"}}, {"model": "adminn.userprojectprogress", "pk": 240, "fields": {"userproject": 9, "daily_hours": "4.00", "daily_report": "Project - D", "date": "2022-11-07T11:09:40Z"}}, {"model": "adminn.userprojectprogress", "pk": 242, "fields": {"userproject": 2, "daily_hours": "4.00", "daily_report": "check", "date": "2022-11-08T10:00:00Z"}}, {"model": "adminn.userprojectprogress", "pk": 243, "fields": {"userproject": 2, "daily_hours": "4.00", "daily_report": "check", "date": "2022-11-08T10:00:00Z"}}, {"model": "adminn.userprojectprogress", "pk": 244, "fields": {"userproject": 2, "daily_hours": "4.00", "daily_report": "check", "date": "2022-11-07T10:00:00Z"}}, {"model": "adminn.userprojectprogress", "pk": 245, "fields": {"userproject": 2, "daily_hours": "4.00", "daily_report": "check", "date": "2022-11-14T10:00:00Z"}}, {"model": "adminn.userprojectprogress", "pk": 246, "fields": {"userproject": 2, "daily_hours": "4.00", "daily_report": "fsdfsfa", "date": "2022-11-18T10:00:00Z"}}]